,FORWARD_AND_TURN_LITTLE_LEFT,FORWARD,FORWARD_AND_TURN_LITTLE_RIGHT,90_DEG_LEFT_TURN,180_DEG_LEFT_TURN
0,-0.0014758399595245302,-4.2235611505325996e-52,-4.739053125085072e-08,-0.00048357032784585176,-0.0007555786372591434
1,0.0,0.0,0.0,0.0,0.0
2,-3.0354201441027037e-10,-4.094733315847225e-26,-7.569921271356563e-26,-0.2000000011579209,-1.4474011154664532e-09
3,0.0,0.0,0.0,0.0,0.0
4,0.0,0.0,0.0,0.0,0.0
