,FORWARD_AND_TURN_LITTLE_LEFT,FORWARD,FORWARD_AND_TURN_LITTLE_RIGHT,90_DEG_LEFT_TURN,180_DEG_LEFT_TURN
0,-0.2,-0.2,-4.793667546509539e-28,-0.2,-5.464977170913843e-12
1,0.0,0.0,0.0,-1e-323,0.0
2,-1.7394304854684628e-21,-1.2725559404896276e-116,-1.3843580040993126e-116,-0.2,-0.36000000000000004
3,-0.2,0.0,-0.2,0.0,0.0
4,0.0,0.0,0.0,0.0,0.0
