,FORWARD_AND_TURN_LITTLE_LEFT,FORWARD,FORWARD_AND_TURN_LITTLE_RIGHT,90_DEG_LEFT_TURN,180_DEG_LEFT_TURN
0,-3.2175567743495907e-16,-2.7350543309714805e-16,-2.653962042247268e-16,-2.643082747952018e-16,-3.125024002220388e-16
1,0.0,0.0,0.0,0.0,0.0
2,-2.0261306488676747e-20,-3.917927221882514e-52,-1.6052660832362004e-23,-1.8869812124107729e-19,-0.2
3,0.0,0.0,0.0,0.0,0.0
4,0.0,0.0,0.0,0.0,0.0
