,FORWARD_AND_TURN_LITTLE_LEFT,FORWARD,FORWARD_AND_TURN_LITTLE_RIGHT,90_DEG_LEFT_TURN,180_DEG_LEFT_TURN
0,-0.0014758399595245302,-4.2235611505325996e-52,-4.739053125085072e-08,-0.00048357032784585176,-0.0007555786372591434
1,0.0,0.0,0.0,0.0,0.0
2,-0.2,-7.847470584356281e-24,-8.55973754723808e-24,-7.406166522290473e-24,-0.2
3,0.0,0.0,0.0,0.0,0.0
4,0.0,0.0,0.0,0.0,0.0
