,FORWARD_AND_TURN_LITTLE_LEFT,FORWARD,FORWARD_AND_TURN_LITTLE_RIGHT,90_DEG_LEFT_TURN,180_DEG_LEFT_TURN
0,-0.08192002108499914,-0.08192002858175597,-3.082771383062313e-08,-0.021474870799008998,-0.05242882979800745
1,0.0,0.0,0.0,0.0,0.0
2,-7.289342789297225e-53,-6.179150463480399e-53,-0.2,-4.271278976418498e-53,-4.007540488079487e-53
3,0.0,0.0,0.0,0.0,0.0
4,0.0,0.0,0.0,0.0,0.0
