,FORWARD_AND_TURN_LITTLE_LEFT,FORWARD,FORWARD_AND_TURN_LITTLE_RIGHT,90_DEG_LEFT_TURN,180_DEG_LEFT_TURN
0,-7.778592915385325e-07,-7.735426772550234e-07,-0.0006053682188064879,-7.712701933164878e-07,-0.0001833445810362569
1,0.0,0.0,0.0,0.0,0.0
2,-0.2,-1.0783978666860262e-08,-0.2,-1.4474011154664532e-09,-5.928554968950593e-10
3,0.0,0.0,0.0,0.0,0.0
4,0.0,0.0,0.0,0.0,0.0
