,FORWARD_AND_TURN_LITTLE_LEFT,FORWARD,FORWARD_AND_TURN_LITTLE_RIGHT,90_DEG_LEFT_TURN,180_DEG_LEFT_TURN
0,-4.374501449566293e-12,-2.44747582651655e-25,-2.854433873862015e-25,-1.5541351137805866e-10,-1.0679935179604857e-11
1,0.0,0.0,0.0,0.0,0.0
2,-7.198262410302795e-19,-3.347182722665839e-26,-0.2,-2.7969051575541935e-26,-3.1966705184471505e-17
3,0.0,0.0,0.0,0.0,0.0
4,0.0,0.0,0.0,0.0,0.0
