,FORWARD_AND_TURN_LITTLE_LEFT,FORWARD,FORWARD_AND_TURN_LITTLE_RIGHT,90_DEG_LEFT_TURN,180_DEG_LEFT_TURN
0,-3.2175567743495907e-16,-2.7350543309714805e-16,-2.653962042247268e-16,-2.643082747952018e-16,-3.125024002220388e-16
1,0.0,0.0,0.0,0.0,0.0
2,-1.1467493079950368e-12,-1.0799564796778902e-49,-1.2313126936373285e-13,-1.9426688922257305e-10,-1.1403780689890353e-49
3,0.0,0.0,0.0,0.0,0.0
4,0.0,0.0,0.0,0.0,0.0
