,FORWARD_AND_TURN_LITTLE_LEFT,FORWARD,FORWARD_AND_TURN_LITTLE_RIGHT,90_DEG_LEFT_TURN,180_DEG_LEFT_TURN
0,-3.2175567743495907e-16,-2.7350543309714805e-16,-2.653962042247268e-16,-2.643082747952018e-16,-3.125024002220388e-16
1,0.0,0.0,0.0,0.0,0.0
2,-2.7375868791763633e-65,-2.421812225295732e-69,-2.3568479705354647e-69,-7.316310897063187e-60,-1.51954161422487e-63
3,0.0,0.0,0.0,0.0,0.0
4,0.0,0.0,0.0,0.0,0.0
