,FORWARD_AND_TURN_VERYHARD_LEFT,FORWARD_AND_TURN_HARD_LEFT,FORWARD_AND_TURN_LITTLE_LEFT,FORWARD,FORWARD_AND_TURN_LITTLE_RIGHT,FORWARD_AND_TURN_HARD_RIGHT,FORWARD_AND_TURN_VERYHARD_RIGHT
0,0.0,0.0,0.0,-0.36000000000000004,-0.2,-0.2,-0.488
1,0.0,0.0,0.0,-0.2,0.0,0.0,-0.2
2,-0.017179869184000003,-0.010995116277760002,-0.08192,0.0,-0.16,-0.16,0.0
3,0.0,0.0,0.0,-0.2,0.0,0.0,0.0
4,0.0,0.0,0.0,0.0,0.0,0.0,0.0
5,0.0,0.0,0.0,0.0,0.0,0.0,0.0
6,0.0,0.0,0.0,0.0,0.0,-0.5904,-0.9855884811924144
7,0.0,0.0,0.0,0.0,0.0,-0.36000000000000004,-0.9774820018631475
8,-0.30343926424711254,-0.30538660259848527,-0.2609911635288139,-0.2820372179039511,-0.2704195347764058,-0.23912141975713297,-0.29719069258068587
