,FORWARD_AND_TURN_VERYHARD_LEFT,FORWARD_AND_TURN_HARD_LEFT,FORWARD_AND_TURN_LITTLE_LEFT,FORWARD,FORWARD_AND_TURN_LITTLE_RIGHT,FORWARD_AND_TURN_HARD_RIGHT,FORWARD_AND_TURN_VERYHARD_RIGHT
0,0.0,0.0,-0.2,-0.488,-0.36000000000000004,-0.2,-0.9980657186886166
1,0.0,0.0,0.0,-0.36000000000000004,0.0,0.0,-0.81170065408
2,-2.4519928653854233e-07,-1.9615942923083387e-07,-2.126764793255866e-05,-0.0001980704062856609,-0.0018446744073709553,-0.0028823037615171177,0.0
3,0.0,0.0,0.0,-0.2,0.0,0.0,0.0
4,0.0,0.0,0.0,0.0,0.0,0.0,0.0
5,0.0,0.0,0.0,0.0,0.0,0.0,0.0
6,0.0,-0.36000000000000004,-0.36000000000000004,-0.2,-0.2,-0.9952776335171303,-0.9999999568640854
7,0.0,0.0,0.0,0.0,0.0,-0.5904,-0.9907766279631451
8,-0.3973434580608163,-0.3729471179816142,-0.31904172544343745,-0.3505017024393928,-0.255960433482577,-0.1655424738072563,-0.8642575181130716
