,FORWARD_AND_TURN_VERYHARD_LEFT,FORWARD_AND_TURN_HARD_LEFT,FORWARD_AND_TURN_LITTLE_LEFT,FORWARD,FORWARD_AND_TURN_LITTLE_RIGHT,FORWARD_AND_TURN_HARD_RIGHT,FORWARD_AND_TURN_VERYHARD_RIGHT
0,0.0,0.0,-0.2,-0.488,-0.36000000000000004,-0.2,-0.9969776854509634
1,0.0,0.0,0.0,-0.36000000000000004,0.0,0.0,-0.7646258176
2,-4.789048565205905e-07,-5.986310706507381e-07,-0.0001014120480182584,-0.0006044629098073147,-0.007036874417766401,-0.004503599627370496,0.0
3,0.0,0.0,0.0,-0.2,0.0,0.0,0.0
4,0.0,0.0,0.0,0.0,0.0,0.0,0.0
5,0.0,0.0,0.0,0.0,0.0,0.0,0.0
6,0.0,-0.36000000000000004,-0.36000000000000004,-0.2,0.0,-0.9907766279631451,-0.9999996786123911
7,0.0,0.0,0.0,0.0,0.0,-0.5904,-0.9907766279631451
8,-0.34327238595956105,-0.32432723138790676,-0.31904172544343745,-0.3505017024393928,-0.14840074253720553,-0.20928914998074372,-0.6674840302970326
