,FORWARD_AND_TURN_VERYHARD_LEFT,FORWARD_AND_TURN_HARD_LEFT,FORWARD_AND_TURN_LITTLE_LEFT,FORWARD,FORWARD_AND_TURN_LITTLE_RIGHT,FORWARD_AND_TURN_HARD_RIGHT,FORWARD_AND_TURN_VERYHARD_RIGHT
0,0.0,0.0,0.0,-0.2,-0.2,-0.2,-0.488
1,0.0,0.0,0.0,-0.2,0.0,0.0,-0.2
2,-0.021474836480000006,-0.010995116277760002,-0.08192,0.0,-0.16,-0.16,0.0
3,0.0,0.0,0.0,-0.2,0.0,0.0,0.0
4,0.0,0.0,0.0,0.0,0.0,0.0,0.0
5,0.0,0.0,0.0,0.0,0.0,0.0,0.0
6,0.0,0.0,0.0,0.0,0.0,-0.5904,-0.9774820018631475
7,0.0,0.0,0.0,0.0,0.0,-0.36000000000000004,-0.9774820018631475
8,-0.22001855755544802,-0.15319110295573105,-0.11402436753035952,-0.20449792127511285,-0.13650097069513759,-0.1331796875752005,-0.005521385286975562
