,FORWARD_AND_TURN_VERYHARD_LEFT,FORWARD_AND_TURN_HARD_LEFT,FORWARD_AND_TURN_LITTLE_LEFT,FORWARD,FORWARD_AND_TURN_LITTLE_RIGHT,FORWARD_AND_TURN_HARD_RIGHT,FORWARD_AND_TURN_VERYHARD_RIGHT
0,0.0,0.0,0.0,0.0,-0.2,-0.2,-0.2
1,0.0,0.0,0.0,0.0,0.0,0.0,0.0
2,-0.1024,-0.1024,0.0,0.0,0.0,0.0,0.0
3,0.0,0.0,0.0,-0.2,0.0,0.0,0.0
4,0.0,0.0,0.0,0.0,0.0,0.0,0.0
5,0.0,0.0,0.0,0.0,0.0,0.0,0.0
6,0.0,0.0,0.0,0.0,0.0,-0.2,-0.67232
7,0.0,0.0,0.0,0.0,0.0,-0.2,-0.67232
8,-0.469192262468781,-0.32502854713869206,-0.3153239255299476,-0.27452687860534375,-0.26823507903376215,-0.23253293845757841,-0.2392814820217729
