,FORWARD_AND_TURN_VERYHARD_LEFT,FORWARD_AND_TURN_HARD_LEFT,FORWARD_AND_TURN_LITTLE_LEFT,FORWARD,FORWARD_AND_TURN_LITTLE_RIGHT,FORWARD_AND_TURN_HARD_RIGHT,FORWARD_AND_TURN_VERYHARD_RIGHT
0,0.0,0.0,0.0,-0.488,-0.2,-0.2,-0.9141006540800001
1,0.0,0.0,0.0,-0.36000000000000004,0.0,0.0,-0.7902848
2,-0.0001980704062856609,-0.0001980704062856609,-0.00562949953421312,-0.04194304000000001,-0.026843545600000008,-0.04194304000000001,0.0
3,0.0,0.0,0.0,-0.2,0.0,0.0,0.0
4,0.0,0.0,0.0,0.0,0.0,0.0,0.0
5,0.0,0.0,0.0,0.0,0.0,0.0,0.0
6,0.0,-0.2,0.0,-0.2,0.0,-0.7902848,-0.9998670772004215
7,0.0,0.0,0.0,0.0,0.0,-0.488,-0.9907766279631451
8,-0.27024612171395834,-0.304850488273158,-0.3607382312185692,-0.2828389549382577,-0.2808998503306567,-0.18589497135160662,-0.5409375560366229
