,FORWARD_AND_TURN_VERYHARD_LEFT,FORWARD_AND_TURN_HARD_LEFT,FORWARD_AND_TURN_LITTLE_LEFT,FORWARD,FORWARD_AND_TURN_LITTLE_RIGHT,FORWARD_AND_TURN_HARD_RIGHT,FORWARD_AND_TURN_VERYHARD_RIGHT
0,0.0,0.0,-0.2,-0.488,-0.36000000000000004,-0.2,-0.9990096479685716
1,0.0,0.0,0.0,-0.36000000000000004,0.0,0.0,-0.81170065408
2,-8.034690221294955e-08,-3.291009114642414e-08,-6.968982874540821e-06,-0.00012676506002282299,-0.0014757395258967643,-0.002305843009213694,0.0
3,0.0,0.0,0.0,-0.2,0.0,0.0,0.0
4,0.0,0.0,0.0,0.0,0.0,0.0,0.0
5,0.0,0.0,0.0,0.0,0.0,0.0,0.0
6,0.0,-0.36000000000000004,-0.36000000000000004,-0.2,-0.36000000000000004,-0.9980657186886166,-0.9999999927629946
7,0.0,0.0,0.0,0.0,0.0,-0.5904,-0.9926213023705162
8,-0.2985135100908033,-0.3301945766089648,-0.35682095498703637,-0.31785573220572894,-0.3291875501101419,-0.19224555940411764,-0.5337727455020955
