,FORWARD_AND_TURN_VERYHARD_LEFT,FORWARD_AND_TURN_HARD_LEFT,FORWARD_AND_TURN_LITTLE_LEFT,FORWARD,FORWARD_AND_TURN_LITTLE_RIGHT,FORWARD_AND_TURN_HARD_RIGHT,FORWARD_AND_TURN_VERYHARD_RIGHT
0,0.0,0.0,-0.2,-0.488,-0.36000000000000004,-0.2,-0.9999651550856272
1,0.0,0.0,0.0,-0.36000000000000004,0.0,0.0,-0.81170065408
2,-6.365737426045274e-11,-9.94646472819574e-11,-8.034690221294955e-08,-6.968982874540821e-06,-4.153837486827864e-05,-0.0009444732965739292,0.0
3,0.0,0.0,0.0,-0.2,-0.2,0.0,-0.2
4,0.0,0.0,0.0,0.0,0.0,0.0,0.0
5,0.0,0.0,0.0,0.0,0.0,0.0,0.0
6,-0.2,-0.36000000000000004,-0.36000000000000004,-0.2,-0.648,-1.1075363550856274,-1.1385251635110412
7,0.0,0.0,0.0,0.0,0.0,-0.7378560000000001,-0.9926213023705162
8,-0.29810268976436216,-0.40489666837937477,-0.28321847489759117,-0.3172762487112849,-0.29231273742858294,-0.2834129804430827,-0.7875878299941224
