,FORWARD_AND_TURN_VERYHARD_LEFT,FORWARD_AND_TURN_HARD_LEFT,FORWARD_AND_TURN_LITTLE_LEFT,FORWARD,FORWARD_AND_TURN_LITTLE_RIGHT,FORWARD_AND_TURN_HARD_RIGHT,FORWARD_AND_TURN_VERYHARD_RIGHT
0,0.0,0.0,0.0,-0.488,-0.2,-0.2,-0.7378560000000001
1,0.0,0.0,0.0,-0.36000000000000004,0.0,0.0,-0.67232
2,-0.004503599627370496,-0.0014757395258967643,-0.021474836480000006,-0.2,-0.08192,-0.1024,0.0
3,0.0,0.0,0.0,-0.2,0.0,0.0,0.0
4,0.0,0.0,0.0,0.0,0.0,0.0,0.0
5,0.0,0.0,0.0,0.0,0.0,0.0,0.0
6,0.0,-0.2,0.0,-0.2,0.0,-0.5904,-0.9980657186886166
7,0.0,0.0,0.0,0.0,0.0,-0.36000000000000004,-0.9855884811924144
8,-0.3721350525063757,-0.1755747229174288,-0.24699716638107055,-0.2420051284143681,-0.20778413446754068,-0.013572628941169167,-0.5767723920417761
