,FORWARD_AND_TURN_VERYHARD_LEFT,FORWARD_AND_TURN_HARD_LEFT,FORWARD_AND_TURN_LITTLE_LEFT,FORWARD,FORWARD_AND_TURN_LITTLE_RIGHT,FORWARD_AND_TURN_HARD_RIGHT,FORWARD_AND_TURN_VERYHARD_RIGHT
0,0.0,0.0,-0.2,-0.488,-0.36000000000000004,-0.2,-0.9855884811924144
1,0.0,0.0,0.0,-0.36000000000000004,0.0,0.0,-0.705782272
2,-5.575186299632657e-06,-6.968982874540821e-06,-0.00048357032784585176,-0.002305843009213694,-0.017179869184000003,-0.00562949953421312,0.0
3,0.0,0.0,0.0,-0.2,0.0,0.0,0.0
4,0.0,0.0,0.0,0.0,0.0,0.0,0.0
5,0.0,0.0,0.0,0.0,0.0,0.0,0.0
6,0.0,-0.36000000000000004,-0.36000000000000004,-0.2,0.0,-0.9648156279111679,-0.9999976054757174
7,0.0,0.0,0.0,0.0,0.0,-0.5904,-0.9907766279631451
8,-0.37326028402064915,-0.4265091749236286,-0.32146622765478994,-0.3012523551979972,-0.23009819952050398,-0.24493133592617605,-0.35744669132250595
