,FORWARD_AND_TURN_VERYHARD_LEFT,FORWARD_AND_TURN_HARD_LEFT,FORWARD_AND_TURN_LITTLE_LEFT,FORWARD,FORWARD_AND_TURN_LITTLE_RIGHT,FORWARD_AND_TURN_HARD_RIGHT,FORWARD_AND_TURN_VERYHARD_RIGHT
0,0.0,0.0,0.0,-0.2,-0.2,-0.2,-0.488
1,0.0,0.0,0.0,-0.2,0.0,0.0,-0.2
2,-0.021474836480000006,-0.010995116277760002,-0.08192,0.0,-0.16,-0.16,0.0
3,0.0,0.0,0.0,-0.2,0.0,0.0,0.0
4,0.0,0.0,0.0,0.0,0.0,0.0,0.0
5,0.0,0.0,0.0,0.0,0.0,0.0,0.0
6,0.0,0.0,0.0,0.0,0.0,-0.5904,-0.865782272
7,0.0,0.0,0.0,0.0,0.0,-0.36000000000000004,-0.7902848
8,-0.21638955968877102,-0.24800135338012896,-0.27178597343124405,-0.3097682915041978,-0.28380544864217006,-0.23401113318639155,-0.1760336080067061
