,FORWARD_AND_TURN_VERYHARD_LEFT,FORWARD_AND_TURN_HARD_LEFT,FORWARD_AND_TURN_LITTLE_LEFT,FORWARD,FORWARD_AND_TURN_LITTLE_RIGHT,FORWARD_AND_TURN_HARD_RIGHT,FORWARD_AND_TURN_VERYHARD_RIGHT
0,0.0,0.0,-0.2,-0.488,-0.36000000000000004,-0.2,-0.9926213023705162
1,0.0,0.0,0.0,-0.36000000000000004,0.0,0.0,-0.7646258176
2,-9.353610478917782e-07,-1.4615016373309034e-06,-0.00015845632502852874,-0.0009444732965739292,-0.007036874417766401,-0.004503599627370496,0.0
3,0.0,0.0,0.0,-0.2,0.0,0.0,0.0
4,0.0,0.0,0.0,0.0,0.0,0.0,0.0
5,0.0,0.0,0.0,0.0,0.0,0.0,0.0
6,0.0,-0.36000000000000004,-0.36000000000000004,-0.2,0.0,-0.9855884811924144,-0.9999995982654889
7,0.0,0.0,0.0,0.0,0.0,-0.5904,-0.9907766279631451
8,-0.3816195613117066,-0.42301080692555465,-0.3612082803727343,-0.3505017024393928,-0.27042299120974905,-0.17400066090559588,-0.539847370279999
