,FORWARD_AND_TURN_VERYHARD_LEFT,FORWARD_AND_TURN_HARD_LEFT,FORWARD_AND_TURN_LITTLE_LEFT,FORWARD,FORWARD_AND_TURN_LITTLE_RIGHT,FORWARD_AND_TURN_HARD_RIGHT,FORWARD_AND_TURN_VERYHARD_RIGHT
0,0.0,0.0,0.0,-0.36000000000000004,-0.2,-0.2,-0.488
1,0.0,0.0,0.0,-0.2,0.0,0.0,-0.2
2,-0.013743895347200002,-0.007036874417766401,-0.08192,0.0,-0.16,-0.128,0.0
3,0.0,0.0,0.0,-0.2,0.0,0.0,0.0
4,0.0,0.0,0.0,0.0,0.0,0.0,0.0
5,0.0,0.0,0.0,0.0,0.0,0.0,0.0
6,0.0,0.0,0.0,-0.2,0.0,-0.5904,-0.9940970418964129
7,0.0,0.0,0.0,0.0,0.0,-0.36000000000000004,-0.9774820018631475
8,-0.2920398932464026,-0.2965707331249917,-0.30970323181502185,-0.33038026133679954,-0.25089275169264347,-0.26902880237871774,-0.25273982495736297
