,FORWARD_AND_TURN_VERYHARD_LEFT,FORWARD_AND_TURN_HARD_LEFT,FORWARD_AND_TURN_LITTLE_LEFT,FORWARD,FORWARD_AND_TURN_LITTLE_RIGHT,FORWARD_AND_TURN_HARD_RIGHT,FORWARD_AND_TURN_VERYHARD_RIGHT
0,0.0,0.0,-0.2,-0.488,-0.36000000000000004,-0.2,-0.9907766279631451
1,0.0,0.0,0.0,-0.36000000000000004,0.0,0.0,-0.7646258176
2,-1.4615016373309034e-06,-1.8268770466636293e-06,-0.0001980704062856609,-0.0011805916207174114,-0.007036874417766401,-0.004503599627370496,0.0
3,0.0,0.0,0.0,-0.2,0.0,0.0,0.0
4,0.0,0.0,0.0,0.0,0.0,0.0,0.0
5,0.0,0.0,0.0,0.0,0.0,0.0,0.0
6,0.0,-0.36000000000000004,-0.36000000000000004,-0.2,0.0,-0.981985601490518,-0.9999994978318612
7,0.0,0.0,0.0,0.0,0.0,-0.5904,-0.9907766279631451
8,-0.28452094976016573,-0.42301080692555465,-0.3612082803727343,-0.3505017024393928,-0.19301318165568537,-0.04757413677902135,-0.6439475828996922
