,FORWARD_AND_TURN_VERYHARD_LEFT,FORWARD_AND_TURN_HARD_LEFT,FORWARD_AND_TURN_LITTLE_LEFT,FORWARD,FORWARD_AND_TURN_LITTLE_RIGHT,FORWARD_AND_TURN_HARD_RIGHT,FORWARD_AND_TURN_VERYHARD_RIGHT
0,0.0,0.0,-0.2,-0.488,-0.36000000000000004,-0.2,-0.9992077183748573
1,0.0,0.0,0.0,-0.36000000000000004,0.0,0.0,-0.81170065408
2,-4.113761393303017e-08,-2.1062458333711447e-08,-6.968982874540821e-06,-0.0001014120480182584,-0.0011805916207174114,-0.002305843009213694,0.0
3,0.0,0.0,0.0,-0.2,0.0,0.0,0.0
4,0.0,0.0,0.0,0.0,0.0,0.0,0.0
5,0.0,0.0,0.0,0.0,0.0,0.0,0.0
6,0.0,-0.36000000000000004,-0.36000000000000004,-0.2,-0.36000000000000004,-0.9984525749508932,-0.9999999970357225
7,0.0,0.0,0.0,0.0,0.0,-0.5904,-0.9926213023705162
8,-0.42385188258139106,-0.4110301242304383,-0.35682095498703637,-0.33050916536483665,-0.3291875501101419,-0.28315357719482376,-0.5485142637890703
