,FORWARD_AND_TURN_VERYHARD_LEFT,FORWARD_AND_TURN_HARD_LEFT,FORWARD_AND_TURN_LITTLE_LEFT,FORWARD,FORWARD_AND_TURN_LITTLE_RIGHT,FORWARD_AND_TURN_HARD_RIGHT,FORWARD_AND_TURN_VERYHARD_RIGHT
0,0.0,0.0,-0.2,-0.488,-0.36000000000000004,-0.2,-0.9774820018631475
1,0.0,0.0,0.0,-0.36000000000000004,0.0,0.0,-0.705782272
2,-8.711228593176027e-06,-8.711228593176027e-06,-0.0006044629098073147,-0.004503599627370496,-0.017179869184000003,-0.007036874417766401,0.0
3,0.0,0.0,0.0,-0.2,0.0,0.0,0.0
4,0.0,0.0,0.0,0.0,0.0,0.0,0.0
5,0.0,0.0,0.0,0.0,0.0,0.0,0.0
6,0.0,-0.2,-0.36000000000000004,-0.2,0.0,-0.95601953488896,-0.9999976054757174
7,0.0,0.0,0.0,0.0,0.0,-0.5904,-0.9907766279631451
8,-0.4274538234232789,-0.4265091749236286,-0.3877530079783086,-0.34172368422283045,-0.2729521521694756,-0.2942209022590207,-0.45567124038161133
