,FORWARD_AND_TURN_VERYHARD_LEFT,FORWARD_AND_TURN_HARD_LEFT,FORWARD_AND_TURN_LITTLE_LEFT,FORWARD,FORWARD_AND_TURN_LITTLE_RIGHT,FORWARD_AND_TURN_HARD_RIGHT,FORWARD_AND_TURN_VERYHARD_RIGHT
0,0.0,0.0,-0.2,-0.488,-0.36000000000000004,-0.2,-0.9980657186886166
1,0.0,0.0,0.0,-0.36000000000000004,0.0,0.0,-0.81170065408
2,-1.9615942923083387e-07,-1.9615942923083387e-07,-2.126764793255866e-05,-0.0001980704062856609,-0.0014757395258967643,-0.0028823037615171177,0.0
3,0.0,0.0,0.0,-0.2,0.0,0.0,0.0
4,0.0,0.0,0.0,0.0,0.0,0.0,0.0
5,0.0,0.0,0.0,0.0,0.0,0.0,0.0
6,0.0,-0.36000000000000004,-0.36000000000000004,-0.2,-0.36000000000000004,-0.9962221068137043,-0.9999999568640854
7,0.0,0.0,0.0,0.0,0.0,-0.5904,-0.9907766279631451
8,-0.2980930687675889,-0.3729471179816142,-0.31904172544343745,-0.3505017024393928,-0.2825370611626625,-0.2854515762060292,-0.6011604132332894
