,FORWARD_AND_TURN_VERYHARD_LEFT,FORWARD_AND_TURN_HARD_LEFT,FORWARD_AND_TURN_LITTLE_LEFT,FORWARD,FORWARD_AND_TURN_LITTLE_RIGHT,FORWARD_AND_TURN_HARD_RIGHT,FORWARD_AND_TURN_VERYHARD_RIGHT
0,0.0,0.0,0.0,-0.2,-0.2,-0.2,-0.36000000000000004
1,0.0,0.0,0.0,0.0,0.0,0.0,0.0
2,-0.03355443200000001,-0.013743895347200002,-0.128,0.0,-0.2,-0.2,0.0
3,0.0,0.0,0.0,-0.2,0.0,0.0,0.0
4,0.0,0.0,0.0,0.0,0.0,0.0,0.0
5,0.0,0.0,0.0,0.0,0.0,0.0,0.0
6,0.0,0.0,0.0,0.0,0.0,-0.5904,-0.865782272
7,0.0,0.0,0.0,0.0,0.0,-0.36000000000000004,-0.7902848
8,-0.4768040161877783,-0.2848844676259327,-0.27178597343124405,-0.2197181547166644,-0.2605013434952358,-0.25137997754462493,-0.08259750312420044
