,FORWARD_AND_TURN_VERYHARD_LEFT,FORWARD_AND_TURN_HARD_LEFT,FORWARD_AND_TURN_LITTLE_LEFT,FORWARD,FORWARD_AND_TURN_LITTLE_RIGHT,FORWARD_AND_TURN_HARD_RIGHT,FORWARD_AND_TURN_VERYHARD_RIGHT
0,0.0,0.0,0.0,-0.488,-0.2,-0.2,-0.83222784
1,0.0,0.0,0.0,-0.36000000000000004,0.0,0.0,-0.67232
2,-0.003602879701896397,-0.0009444732965739292,-0.021474836480000006,-0.128,-0.05242880000000001,-0.1024,0.0
3,0.0,0.0,0.0,-0.2,0.0,0.0,0.0
4,0.0,0.0,0.0,0.0,0.0,0.0,0.0
5,0.0,0.0,0.0,0.0,0.0,0.0,0.0
6,0.0,-0.2,0.0,-0.2,0.0,-0.5904,-0.9987620599607145
7,0.0,0.0,0.0,0.0,0.0,-0.36000000000000004,-0.9855884811924144
8,-0.430478906627209,-0.3431588354555565,-0.2832190879754038,-0.3209025695466775,-0.2479519261658198,-0.12138454651139655,-0.5767723920417761
