,FORWARD_AND_TURN_VERYHARD_LEFT,FORWARD_AND_TURN_HARD_LEFT,FORWARD_AND_TURN_LITTLE_LEFT,FORWARD,FORWARD_AND_TURN_LITTLE_RIGHT,FORWARD_AND_TURN_HARD_RIGHT,FORWARD_AND_TURN_VERYHARD_RIGHT
0,0.0,0.0,-0.2,-0.488,-0.36000000000000004,-0.2,-0.9980657186886166
1,0.0,0.0,0.0,-0.36000000000000004,0.0,0.0,-0.81170065408
2,-1.569275433846671e-07,-1.569275433846671e-07,-1.0889035741470034e-05,-0.0001980704062856609,-0.0014757395258967643,-0.0028823037615171177,0.0
3,0.0,0.0,0.0,-0.2,0.0,0.0,0.0
4,0.0,0.0,0.0,0.0,0.0,0.0,0.0
5,0.0,0.0,0.0,0.0,0.0,0.0,0.0
6,0.0,-0.36000000000000004,-0.36000000000000004,-0.2,-0.36000000000000004,-0.9962221068137043,-0.9999999779144118
7,0.0,0.0,0.0,0.0,0.0,-0.5904,-0.9907766279631451
8,-0.3402699644214329,-0.3729471179816142,-0.31904172544343745,-0.3505017024393928,-0.32509803716437874,-0.20631888636902362,-0.6011604132332894
