,FORWARD_AND_TURN_VERYHARD_LEFT,FORWARD_AND_TURN_HARD_LEFT,FORWARD_AND_TURN_LITTLE_LEFT,FORWARD,FORWARD_AND_TURN_LITTLE_RIGHT,FORWARD_AND_TURN_HARD_RIGHT,FORWARD_AND_TURN_VERYHARD_RIGHT
0,0.0,0.0,0.0,-0.488,-0.2,-0.2,-0.5904
1,0.0,0.0,0.0,-0.36000000000000004,0.0,0.0,-0.67232
2,-0.007036874417766401,-0.002305843009213694,-0.026843545600000008,-0.2,-0.08192,-0.1024,0.0
3,0.0,0.0,0.0,-0.2,0.0,0.0,0.0
4,0.0,0.0,0.0,0.0,0.0,0.0,0.0
5,0.0,0.0,0.0,0.0,0.0,0.0,0.0
6,0.0,-0.2,0.0,-0.2,0.0,-0.5904,-0.9980657186886166
7,0.0,0.0,0.0,0.0,0.0,-0.36000000000000004,-0.9855884811924144
8,-0.3721350525063757,-0.32091295681157744,-0.28606923586375027,-0.29684647117219887,-0.2987310968017969,-0.11338611056293954,-0.31715844332316007
