,FORWARD_AND_TURN_VERYHARD_LEFT,FORWARD_AND_TURN_HARD_LEFT,FORWARD_AND_TURN_LITTLE_LEFT,FORWARD,FORWARD_AND_TURN_LITTLE_RIGHT,FORWARD_AND_TURN_HARD_RIGHT,FORWARD_AND_TURN_VERYHARD_RIGHT
0,0.0,0.0,0.0,-0.36000000000000004,-0.2,-0.2,-0.488
1,0.0,0.0,0.0,-0.2,0.0,0.0,-0.2
2,-0.013743895347200002,-0.007036874417766401,-0.08192,0.0,-0.16,-0.128,0.0
3,0.0,0.0,0.0,-0.2,0.0,0.0,0.0
4,0.0,0.0,0.0,0.0,0.0,0.0,0.0
5,0.0,0.0,0.0,0.0,0.0,0.0,0.0
6,0.0,0.0,0.0,-0.2,0.0,-0.5904,-0.9884707849539315
7,0.0,0.0,0.0,0.0,0.0,-0.36000000000000004,-0.9774820018631475
8,-0.4007779926507392,-0.23154844371047978,-0.23528888479291193,-0.2820372179039511,-0.233246387745181,-0.28617857461089885,-0.2646560438861363
