,FORWARD_AND_TURN_VERYHARD_LEFT,FORWARD_AND_TURN_HARD_LEFT,FORWARD_AND_TURN_LITTLE_LEFT,FORWARD,FORWARD_AND_TURN_LITTLE_RIGHT,FORWARD_AND_TURN_HARD_RIGHT,FORWARD_AND_TURN_VERYHARD_RIGHT
0,0.0,0.0,-0.2,-0.488,-0.36000000000000004,-0.2,-0.95601953488896
1,0.0,0.0,0.0,-0.36000000000000004,0.0,0.0,-0.63222784
2,-4.153837486827864e-05,-5.19229685853483e-05,-0.0014757395258967643,-0.017179869184000003,-0.017179869184000003,-0.017179869184000003,0.0
3,0.0,0.0,0.0,-0.2,0.0,0.0,0.0
4,0.0,0.0,0.0,0.0,0.0,0.0,0.0
5,0.0,0.0,0.0,0.0,0.0,0.0,0.0
6,0.0,-0.2,-0.36000000000000004,-0.2,0.0,-0.865782272,-0.9999776992548014
7,0.0,0.0,0.0,0.0,0.0,-0.5904,-0.9907766279631451
8,-0.2679450359710305,-0.38576021276218664,-0.43969533566817437,-0.28368179872688204,-0.16480580174317971,-0.2760848391164831,-0.4785611595686471
