,FORWARD_AND_TURN_VERYHARD_LEFT,FORWARD_AND_TURN_HARD_LEFT,FORWARD_AND_TURN_LITTLE_LEFT,FORWARD,FORWARD_AND_TURN_LITTLE_RIGHT,FORWARD_AND_TURN_HARD_RIGHT,FORWARD_AND_TURN_VERYHARD_RIGHT
0,0.0,0.0,0.0,-0.488,-0.2,-0.2,-0.8926258176
1,0.0,0.0,0.0,-0.36000000000000004,0.0,0.0,-0.7378560000000001
2,-0.00048357032784585176,-0.0006044629098073147,-0.010995116277760002,-0.1024,-0.04194304000000001,-0.08192,0.0
3,0.0,0.0,0.0,-0.2,0.0,0.0,0.0
4,0.0,0.0,0.0,0.0,0.0,0.0,0.0
5,0.0,0.0,0.0,0.0,0.0,0.0,0.0
6,0.0,-0.2,0.0,-0.2,0.0,-0.67232,-0.9994929397599087
7,0.0,0.0,0.0,0.0,0.0,-0.488,-0.9907766279631451
8,-0.3467923894856561,-0.4113040445880463,-0.2154739160502467,-0.3406285384694151,-0.2803550532879246,-0.018678035736890742,-0.715528822600175
