,FORWARD_AND_TURN_VERYHARD_LEFT,FORWARD_AND_TURN_HARD_LEFT,FORWARD_AND_TURN_LITTLE_LEFT,FORWARD,FORWARD_AND_TURN_LITTLE_RIGHT,FORWARD_AND_TURN_HARD_RIGHT,FORWARD_AND_TURN_VERYHARD_RIGHT
0,0.0,0.0,-0.2,-0.488,-0.36000000000000004,-0.2,-0.9884707849539315
1,0.0,0.0,0.0,-0.36000000000000004,0.0,0.0,-0.705782272
2,-4.460149039706126e-06,-6.968982874540821e-06,-0.0003868562622766814,-0.002305843009213694,-0.017179869184000003,-0.00562949953421312,0.0
3,0.0,0.0,0.0,-0.2,0.0,0.0,0.0
4,0.0,0.0,0.0,0.0,0.0,0.0,0.0
5,0.0,0.0,0.0,0.0,0.0,0.0,0.0
6,0.0,-0.36000000000000004,-0.36000000000000004,-0.2,0.0,-0.9648156279111679,-0.9999976054757174
7,0.0,0.0,0.0,0.0,0.0,-0.5904,-0.9907766279631451
8,-0.37326028402064915,-0.4265091749236286,-0.2715699674818408,-0.3012523551979972,-0.27336817992917106,-0.11746988564746602,-0.5142278991866018
