,FORWARD_AND_TURN_VERYHARD_LEFT,FORWARD_AND_TURN_HARD_LEFT,FORWARD_AND_TURN_LITTLE_LEFT,FORWARD,FORWARD_AND_TURN_LITTLE_RIGHT,FORWARD_AND_TURN_HARD_RIGHT,FORWARD_AND_TURN_VERYHARD_RIGHT
0,0.0,0.0,0.0,0.0,-0.2,-0.2,-0.2
1,0.0,0.0,0.0,0.0,0.0,0.0,0.0
2,-0.1024,-0.1024,0.0,0.0,0.0,0.0,0.0
3,0.0,0.0,0.0,-0.2,0.0,0.0,0.0
4,0.0,0.0,0.0,0.0,0.0,0.0,0.0
5,0.0,0.0,0.0,0.0,0.0,0.0,0.0
6,0.0,0.0,0.0,0.0,0.0,-0.2,-0.67232
7,0.0,0.0,0.0,0.0,0.0,-0.2,-0.5904
8,-0.469192262468781,-0.1904805124498482,-0.316984474143182,-0.2306246442542737,-0.21567714419198467,-0.06001430706657093,-0.17768461420390325
