,FORWARD_AND_TURN_VERYHARD_LEFT,FORWARD_AND_TURN_HARD_LEFT,FORWARD_AND_TURN_LITTLE_LEFT,FORWARD,FORWARD_AND_TURN_LITTLE_RIGHT,FORWARD_AND_TURN_HARD_RIGHT,FORWARD_AND_TURN_VERYHARD_RIGHT
0,0.0,0.0,0.0,0.0,-0.2,-0.2,-0.36000000000000004
1,0.0,0.0,0.0,0.0,0.0,0.0,0.0
2,-0.04194304000000001,-0.013743895347200002,-0.128,0.0,-0.2,-0.2,0.0
3,0.0,0.0,0.0,-0.2,0.0,0.0,0.0
4,0.0,0.0,0.0,0.0,0.0,0.0,0.0
5,0.0,0.0,0.0,0.0,0.0,0.0,0.0
6,0.0,0.0,0.0,0.0,0.0,-0.488,-0.7378560000000001
7,0.0,0.0,0.0,0.0,0.0,-0.2,-0.7378560000000001
8,-0.3713047529158291,-0.3112234023571103,-0.2782749422054133,-0.25650951530620975,-0.18897963217442254,-0.03977627497508292,-0.18115505973892437
