,FORWARD_AND_TURN_VERYHARD_LEFT,FORWARD_AND_TURN_HARD_LEFT,FORWARD_AND_TURN_LITTLE_LEFT,FORWARD,FORWARD_AND_TURN_LITTLE_RIGHT,FORWARD_AND_TURN_HARD_RIGHT,FORWARD_AND_TURN_VERYHARD_RIGHT
0,0.0,0.0,-0.2,-0.488,-0.36000000000000004,-0.2,-0.9718525023289344
1,0.0,0.0,0.0,-0.36000000000000004,0.0,0.0,-0.705782272
2,-1.3611294676837543e-05,-8.711228593176027e-06,-0.0007555786372591434,-0.007036874417766401,-0.017179869184000003,-0.008796093022208,0.0
3,0.0,0.0,0.0,-0.2,0.0,0.0,0.0
4,0.0,0.0,0.0,0.0,0.0,0.0,0.0
5,0.0,0.0,0.0,0.0,0.0,0.0,0.0
6,0.0,-0.2,-0.36000000000000004,-0.2,0.0,-0.9450244186112,-0.9999962585558084
7,0.0,0.0,0.0,0.0,0.0,-0.5904,-0.9907766279631451
8,-0.3546839153402294,-0.31496588616420834,-0.28240642503703545,-0.28368179872688204,-0.12747697043125594,-0.011209580560245506,-0.545776094571952
