,FORWARD_AND_TURN_VERYHARD_LEFT,FORWARD_AND_TURN_HARD_LEFT,FORWARD_AND_TURN_LITTLE_LEFT,FORWARD,FORWARD_AND_TURN_LITTLE_RIGHT,FORWARD_AND_TURN_HARD_RIGHT,FORWARD_AND_TURN_VERYHARD_RIGHT
0,0.0,0.0,-0.2,-0.488,-0.36000000000000004,-0.2,-0.9999319435266157
1,0.0,0.0,0.0,-0.36000000000000004,0.0,0.0,-0.81170065408
2,-1.2433080910244675e-10,-1.9426688922257305e-10,-1.2554203470773369e-07,-6.968982874540821e-06,-6.490371073168538e-05,-0.0011805916207174114,0.0
3,0.0,0.0,0.0,-0.2,-0.2,0.0,-0.2
4,0.0,0.0,0.0,0.0,0.0,0.0,0.0
5,0.0,0.0,0.0,0.0,0.0,0.0,0.0
6,-0.2,-0.36000000000000004,-0.36000000000000004,-0.2,-0.52,-1.1075363550856274,-1.118056959982502
7,0.0,0.0,0.0,0.0,0.0,-0.7378560000000001,-0.9926213023705162
8,-0.43194873090172536,-0.40489666837937477,-0.337572970267498,-0.32661306187749106,-0.29231273742858294,-0.06178863260960485,-0.8765741343968323
