,FORWARD_AND_TURN_VERYHARD_LEFT,FORWARD_AND_TURN_HARD_LEFT,FORWARD_AND_TURN_LITTLE_LEFT,FORWARD,FORWARD_AND_TURN_LITTLE_RIGHT,FORWARD_AND_TURN_HARD_RIGHT,FORWARD_AND_TURN_VERYHARD_RIGHT
0,0.0,0.0,0.0,-0.488,-0.2,-0.2,-0.8926258176
1,0.0,0.0,0.0,-0.36000000000000004,0.0,0.0,-0.7378560000000001
2,-0.0007555786372591434,-0.0007555786372591434,-0.017179869184000003,-0.128,-0.04194304000000001,-0.1024,0.0
3,0.0,0.0,0.0,-0.2,0.0,0.0,0.0
4,0.0,0.0,0.0,0.0,0.0,0.0,0.0
5,0.0,0.0,0.0,0.0,0.0,0.0,0.0
6,0.0,-0.2,0.0,-0.2,0.0,-0.67232,-0.9993661746998859
7,0.0,0.0,0.0,0.0,0.0,-0.36000000000000004,-0.9884707849539315
8,-0.22238011726968154,-0.24878424725479112,-0.26287497082428857,-0.27581165410276093,-0.258975202206111,-0.27633113535081355,-0.6475149833693026
