,FORWARD_AND_TURN_VERYHARD_LEFT,FORWARD_AND_TURN_HARD_LEFT,FORWARD_AND_TURN_LITTLE_LEFT,FORWARD,FORWARD_AND_TURN_LITTLE_RIGHT,FORWARD_AND_TURN_HARD_RIGHT,FORWARD_AND_TURN_VERYHARD_RIGHT
0,0.0,0.0,-0.2,-0.488,-0.36000000000000004,-0.2,-0.9999776992548014
1,0.0,0.0,0.0,-0.36000000000000004,0.0,0.0,-0.81170065408
2,-4.0740719526689756e-11,-7.957171782556592e-11,-6.427752177035964e-08,-4.460149039706126e-06,-4.153837486827864e-05,-0.0009444732965739292,0.0
3,0.0,0.0,0.0,-0.2,-0.2,0.0,-0.2
4,0.0,0.0,0.0,0.0,0.0,0.0,0.0
5,0.0,0.0,0.0,0.0,0.0,0.0,0.0
6,-0.2,-0.36000000000000004,-0.36000000000000004,-0.2,-0.648,-1.1331386138038413,-1.1385251635110412
7,0.0,0.0,0.0,0.0,0.0,-0.7378560000000001,-0.9926213023705162
8,-0.3360558023879725,-0.354064886521449,-0.35606881404351864,-0.510999265051522,-0.29824668046707237,-0.1426990042053352,-0.34146952594827235
