,FORWARD_AND_TURN_VERYHARD_LEFT,FORWARD_AND_TURN_HARD_LEFT,FORWARD_AND_TURN_LITTLE_LEFT,FORWARD,FORWARD_AND_TURN_LITTLE_RIGHT,FORWARD_AND_TURN_HARD_RIGHT,FORWARD_AND_TURN_VERYHARD_RIGHT
0,0.0,0.0,0.0,0.0,-0.2,-0.2,-0.36000000000000004
1,0.0,0.0,0.0,0.0,0.0,0.0,0.0
2,-0.04194304000000001,-0.013743895347200002,-0.128,0.0,-0.2,-0.2,0.0
3,0.0,0.0,0.0,-0.2,0.0,0.0,0.0
4,0.0,0.0,0.0,0.0,0.0,0.0,0.0
5,0.0,0.0,0.0,0.0,0.0,0.0,0.0
6,0.0,0.0,0.0,0.0,0.0,-0.488,-0.7902848
7,0.0,0.0,0.0,0.0,0.0,-0.2,-0.7378560000000001
8,-0.30340800632867654,-0.26763790583458125,-0.2782749422054133,-0.25650951530620975,-0.15729334157571076,-0.22069968982937102,-0.10747689954562364
