,FORWARD_AND_TURN_VERYHARD_LEFT,FORWARD_AND_TURN_HARD_LEFT,FORWARD_AND_TURN_LITTLE_LEFT,FORWARD,FORWARD_AND_TURN_LITTLE_RIGHT,FORWARD_AND_TURN_HARD_RIGHT,FORWARD_AND_TURN_VERYHARD_RIGHT
0,0.0,0.0,0.0,-0.2,-0.2,-0.2,-0.488
1,0.0,0.0,0.0,-0.2,0.0,0.0,-0.2
2,-0.021474836480000006,-0.010995116277760002,-0.08192,0.0,-0.16,-0.16,0.0
3,0.0,0.0,0.0,-0.2,0.0,0.0,0.0
4,0.0,0.0,0.0,0.0,0.0,0.0,0.0
5,0.0,0.0,0.0,0.0,0.0,0.0,0.0
6,0.0,0.0,0.0,0.0,0.0,-0.5904,-0.931280523264
7,0.0,0.0,0.0,0.0,0.0,-0.36000000000000004,-0.95601953488896
8,-0.33406035744333273,-0.17703480156688814,-0.15912680166415397,-0.306829605619347,-0.20198210835435856,-0.20259689045895635,-0.07227038563887839
