,FORWARD_AND_TURN_VERYHARD_LEFT,FORWARD_AND_TURN_HARD_LEFT,FORWARD_AND_TURN_LITTLE_LEFT,FORWARD,FORWARD_AND_TURN_LITTLE_RIGHT,FORWARD_AND_TURN_HARD_RIGHT,FORWARD_AND_TURN_VERYHARD_RIGHT
0,0.0,0.0,-0.2,-0.488,-0.2,-0.2,-0.95601953488896
1,0.0,0.0,0.0,-0.36000000000000004,0.0,0.0,-0.7902848
2,-6.490371073168538e-05,-0.00012676506002282299,-0.0014757395258967643,-0.017179869184000003,-0.017179869184000003,-0.021474836480000006,0.0
3,0.0,0.0,0.0,-0.2,0.0,0.0,0.0
4,0.0,0.0,0.0,0.0,0.0,0.0,0.0
5,0.0,0.0,0.0,0.0,0.0,0.0,0.0
6,0.0,-0.2,-0.36000000000000004,-0.2,0.0,-0.865782272,-0.9999651550856272
7,0.0,0.0,0.0,0.0,0.0,-0.5904,-0.9907766279631451
8,-0.32662837044880577,-0.38576021276218664,-0.43969533566817437,-0.3426130542823309,-0.23678037173558975,-0.059945970631358425,-0.4785611595686471
