,FORWARD_AND_TURN_VERYHARD_LEFT,FORWARD_AND_TURN_HARD_LEFT,FORWARD_AND_TURN_LITTLE_LEFT,FORWARD,FORWARD_AND_TURN_LITTLE_RIGHT,FORWARD_AND_TURN_HARD_RIGHT,FORWARD_AND_TURN_VERYHARD_RIGHT
0,0.0,0.0,-0.2,-0.488,-0.36000000000000004,-0.2,-0.9999721240685018
1,0.0,0.0,0.0,-0.36000000000000004,0.0,0.0,-0.81170065408
2,-6.365737426045274e-11,-7.957171782556592e-11,-8.034690221294955e-08,-5.575186299632657e-06,-4.153837486827864e-05,-0.0009444732965739292,0.0
3,0.0,0.0,0.0,-0.2,-0.2,0.0,-0.2
4,0.0,0.0,0.0,0.0,0.0,0.0,0.0
5,0.0,0.0,0.0,0.0,0.0,0.0,0.0
6,-0.2,-0.36000000000000004,-0.36000000000000004,-0.2,-0.648,-1.1180290840685019,-1.1385251635110412
7,0.0,0.0,0.0,0.0,0.0,-0.7378560000000001,-0.9926213023705162
8,-0.29810268976436216,-0.354064886521449,-0.35606881404351864,-0.29532083982737156,-0.29824668046707237,-0.1709265669070458,-0.4571979918613013
