,FORWARD_AND_TURN_VERYHARD_LEFT,FORWARD_AND_TURN_HARD_LEFT,FORWARD_AND_TURN_LITTLE_LEFT,FORWARD,FORWARD_AND_TURN_LITTLE_RIGHT,FORWARD_AND_TURN_HARD_RIGHT,FORWARD_AND_TURN_VERYHARD_RIGHT
0,0.0,0.0,0.0,0.0,-0.2,-0.2,-0.2
1,0.0,0.0,0.0,0.0,0.0,0.0,0.0
2,-0.04194304000000001,-0.05242880000000001,-0.16,0.0,-0.2,0.0,0.0
3,0.0,0.0,0.0,-0.2,0.0,0.0,0.0
4,0.0,0.0,0.0,0.0,0.0,0.0,0.0
5,0.0,0.0,0.0,0.0,0.0,0.0,0.0
6,0.0,0.0,0.0,0.0,0.0,-0.488,-0.7378560000000001
7,0.0,0.0,0.0,0.0,0.0,-0.2,-0.7378560000000001
8,-0.19362245112194948,-0.3112234023571103,-0.2782749422054133,-0.3414820922408554,-0.21669522667535293,-0.21208187516545796,-0.2573671659849671
