,FORWARD_AND_TURN_VERYHARD_LEFT,FORWARD_AND_TURN_HARD_LEFT,FORWARD_AND_TURN_LITTLE_LEFT,FORWARD,FORWARD_AND_TURN_LITTLE_RIGHT,FORWARD_AND_TURN_HARD_RIGHT,FORWARD_AND_TURN_VERYHARD_RIGHT
0,0.0,0.0,-0.2,-0.488,-0.36000000000000004,-0.2,-0.9975821483607707
1,0.0,0.0,0.0,-0.36000000000000004,0.0,0.0,-0.81170065408
2,-3.0649910817317794e-07,-4.789048565205905e-07,-5.19229685853483e-05,-0.00024758800785707613,-0.004503599627370496,-0.003602879701896397,0.0
3,0.0,0.0,0.0,-0.2,0.0,0.0,0.0
4,0.0,0.0,0.0,0.0,0.0,0.0,0.0
5,0.0,0.0,0.0,0.0,0.0,0.0,0.0
6,0.0,-0.36000000000000004,-0.36000000000000004,-0.2,0.0,-0.9926213023705162,-0.9999998354495443
7,0.0,0.0,0.0,0.0,0.0,-0.5904,-0.9907766279631451
8,-0.3454970467626251,-0.32432723138790676,-0.31904172544343745,-0.3505017024393928,-0.2228405460867983,-0.10579597438923244,-0.8174847773818292
