,FORWARD_AND_TURN_VERYHARD_LEFT,FORWARD_AND_TURN_HARD_LEFT,FORWARD_AND_TURN_LITTLE_LEFT,FORWARD,FORWARD_AND_TURN_LITTLE_RIGHT,FORWARD_AND_TURN_HARD_RIGHT,FORWARD_AND_TURN_VERYHARD_RIGHT
0,0.0,0.0,0.0,0.0,-0.2,-0.2,-0.2
1,0.0,0.0,0.0,0.0,0.0,0.0,0.0
2,-0.1024,-0.1024,0.0,0.0,0.0,0.0,0.0
3,0.0,0.0,0.0,-0.2,0.0,0.0,0.0
4,0.0,0.0,0.0,0.0,0.0,0.0,0.0
5,0.0,0.0,0.0,0.0,0.0,0.0,0.0
6,0.0,0.0,0.0,0.0,0.0,-0.2,-0.67232
7,0.0,0.0,0.0,0.0,0.0,-0.2,-0.5904
8,-0.469192262468781,-0.16160260752530387,-0.316984474143182,-0.1941020045340703,-0.18175991291901303,-0.23253293845757841,-0.1490746826763642
