,FORWARD_AND_TURN_VERYHARD_LEFT,FORWARD_AND_TURN_HARD_LEFT,FORWARD_AND_TURN_LITTLE_LEFT,FORWARD,FORWARD_AND_TURN_LITTLE_RIGHT,FORWARD_AND_TURN_HARD_RIGHT,FORWARD_AND_TURN_VERYHARD_RIGHT
0,0.0,0.0,0.0,-0.488,-0.2,-0.2,-0.9141006540800001
1,0.0,0.0,0.0,-0.36000000000000004,0.0,0.0,-0.7902848
2,-0.0001980704062856609,-0.0001980704062856609,-0.00562949953421312,-0.04194304000000001,-0.026843545600000008,-0.04194304000000001,0.0
3,0.0,0.0,0.0,-0.2,0.0,0.0,0.0
4,0.0,0.0,0.0,0.0,0.0,0.0,0.0
5,0.0,0.0,0.0,0.0,0.0,0.0,0.0
6,0.0,-0.2,0.0,-0.2,0.0,-0.7902848,-0.9998670772004215
7,0.0,0.0,0.0,0.0,0.0,-0.488,-0.9907766279631451
8,-0.4175920539323742,-0.41747695539940993,-0.5029212391418736,-0.3413026105850989,-0.28622022906823563,-0.2891558482892284,-0.4477188345980892
