,FORWARD_AND_TURN_VERYHARD_LEFT,FORWARD_AND_TURN_HARD_LEFT,FORWARD_AND_TURN_LITTLE_LEFT,FORWARD,FORWARD_AND_TURN_LITTLE_RIGHT,FORWARD_AND_TURN_HARD_RIGHT,FORWARD_AND_TURN_VERYHARD_RIGHT
0,0.0,0.0,-0.2,-0.488,-0.36000000000000004,-0.2,-0.9984525749508932
1,0.0,0.0,0.0,-0.36000000000000004,0.0,0.0,-0.81170065408
2,-1.2554203470773369e-07,-8.034690221294955e-08,-1.0889035741470034e-05,-0.0001980704062856609,-0.0014757395258967643,-0.0028823037615171177,0.0
3,0.0,0.0,0.0,-0.2,0.0,0.0,0.0
4,0.0,0.0,0.0,0.0,0.0,0.0,0.0
5,0.0,0.0,0.0,0.0,0.0,0.0,0.0
6,0.0,-0.36000000000000004,-0.36000000000000004,-0.2,-0.36000000000000004,-0.9975821483607707,-0.9999999823315294
7,0.0,0.0,0.0,0.0,0.0,-0.5904,-0.9907766279631451
8,-0.3427596374555164,-0.3301945766089648,-0.31904172544343745,-0.3505017024393928,-0.29267740782870116,-0.2977161164072205,-0.5123543542548333
