,FORWARD_AND_TURN_LITTLE_LEFT,FORWARD,FORWARD_AND_TURN_LITTLE_RIGHT,FORWARD_AND_HARD_LEFT,FORWARD_AND_HARD_RIGHT
0,0.0,0.0,0.0,0.0,0.0
1,0.0,0.0,0.0,0.0,0.0
2,0.0,0.0,0.0,0.0,0.0
3,0.0,0.0,0.0,0.0,0.0
4,0.0,0.0,0.0,0.0,0.0
5,0.0,0.0,0.0,0.0,0.0
6,0.0,0.0,0.0,0.0,0.0
7,0.0,0.0,0.0,0.0,0.0
8,0.0,0.29404,0.0,0.0,0.0
9,0.0,0.0,0.0,0.0,0.0
10,0.0,0.0,0.0,0.0,0.0
11,-4.222715792275791,4.238037916397472,4.93766730555713,-1.1361506067280192,1.623208481185184
12,0.0,0.0,0.0,0.0,0.0
13,0.0,0.0,0.0,0.0,0.0
14,9.676360801465998,22.93016304751345,-1.4697024485816317,28.983719464278856,-2.8655441555571386
15,30.822911797645254,40.82715150296263,20.477001099672915,50.85894688818415,24.67464313504256
16,44.04935256484031,44.999999999999424,29.82782356681601,54.9999999999996,29.91583533277864
17,26.77878890973144,39.70086907609051,13.581894704718822,28.42143428160572,13.09609084343795
18,0.0,0.0,0.0,0.0,0.0
19,-0.3591,-0.8308971488237581,-6.579672,-0.1,-3.048
20,0.11584,3.179151599564414,-7.490952580512175,0.6022457885269975,-8.65852529067216
21,0.6854733921363536,3.98814017638344,-8.014930540631346,0.3603848868301008,-9.738773725253877
22,1.1751796390490077,4.748976178396714,-8.490247236565722,1.0058961161309252,-9.877092277976582
23,-14.15784072593608,-5.945391803604247,-15.698848810609078,-12.576746664686508,-19.376453978330712
24,0.0,0.0,0.0,0.0,0.0
25,0.0,-0.271,-1.6,0.0,-1.6
26,0.05792,0.5382081906629999,0.0,0.0,-2.7250404761728
27,0.373092443545536,1.2673399050916003,-2.7148110540790062,0.0,-7.482693314622006
28,0.0617616,1.6935076588828677,-1.4201526045163573,0.0617616,-10.870684552151053
29,2.479264752807277,2.4999999999999893,-8.807044134528319,2.4999859566369387,-8.378655444884231
30,0.0,0.0,0.0,0.0,0.0
31,0.0,0.0,0.0,0.0,0.0
32,0.0,0.0,0.0,0.0,-1.0
33,0.0,0.0,0.0,0.0,-1.0
34,0.0,0.0,0.0,0.0,-1.0
35,-9.92930349509849,-9.999999998206691,0.0,-9.999999972244485,-1.0
