,FORWARD_AND_TURN_LITTLE_LEFT,FORWARD,FORWARD_AND_TURN_LITTLE_RIGHT,90_DEG_LEFT_TURN,180_DEG_LEFT_TURN
0,-0.005620206036975805,-0.056754768948136976,-0.17240539323065918,-0.00040546840563430926,-0.015204722357243908
1,0.0,0.0,0.0,0.0,0.0
2,-1.5283646718562835e-10,-1.5145730123097124e-10,-2.000000000122792,-1.7537733158320244e-09,-2.523903447141553e-10
3,-3.606502550375037,-3.035219207251962,-6.9039538607232025,-3.923638280884597,-8.240336921432819
4,0.0,0.0,0.0,0.0,0.0
