,FORWARD_AND_TURN_LITTLE_LEFT,FORWARD,FORWARD_AND_TURN_LITTLE_RIGHT,90_DEG_LEFT_TURN,180_DEG_LEFT_TURN
0,-0.13706455273548035,-1.6398380559575458,-2.0296025077401896,-0.010471305311835731,-0.011458948851915339
1,0.0,0.0,0.0,0.0,0.0
2,-3.582462590494352e-05,-0.004836356240702808,-2.000000008261032,-0.006089242503181203,-2.000000007547011
3,-4.626279641762592,-6.109382136349787,-5.23819999286031,-5.565046427141288,-3.6818624508865154
4,0.0,0.0,0.0,0.0,0.0
