,FORWARD_AND_TURN_LITTLE_LEFT,FORWARD,FORWARD_AND_TURN_LITTLE_RIGHT,90_DEG_LEFT_TURN,180_DEG_LEFT_TURN
0,-0.11047618628422551,-0.0005014995501152139,-0.13876115802363756,-2.0005117621330784,-1.280729212804664
1,0.0,0.0,0.0,0.0,0.0
2,-9.422649612814743e-06,-2.220921914725268e-11,-2.0450359965152556,-0.03601115368611898,-2.000001255445227
3,-1.8857285340965393,-2.660430943020585,-3.9575943235434616,-2.3741211781200553,-6.381427547518939
4,0.0,0.0,0.0,0.0,0.0
