,FORWARD_AND_TURN_LITTLE_LEFT,FORWARD,FORWARD_AND_TURN_LITTLE_RIGHT,90_DEG_LEFT_TURN,180_DEG_LEFT_TURN
0,-0.004121175637385389,-0.0002309000226462006,-0.018836838980564968,-0.17207170940209954,-0.056580118801837234
1,0.0,0.0,0.0,0.0,0.0
2,-5.986334319715319e-06,-7.812218808564616e-13,-3.365123767416218e-07,-1.6841808827093981e-07,-5.14221252230998e-07
3,-1.8102993927326778,-2.660430943020585,-3.0759501848876187,-4.040803779103847,-6.381427547518939
4,0.0,0.0,0.0,0.0,0.0
