,FORWARD_AND_TURN_LITTLE_LEFT,FORWARD,FORWARD_AND_TURN_LITTLE_RIGHT,90_DEG_LEFT_TURN,180_DEG_LEFT_TURN
0,-1.281931286962005,-0.1809154077477063,-0.051393753905102646,-0.004728019444766784,-1.6016600418383578
1,0.0,0.0,0.0,0.0,0.0
2,-0.009444732994332173,-3.0863731706379504e-11,-3.603868562649266,-2.0000000000252327,-2.0094447329935683
3,-3.5799543466424,-3.4426771906778013,-2.9757623849001718,-6.249180725527054,-4.38740070699485
4,0.0,0.0,0.0,0.0,0.0
