,FORWARD_AND_TURN_LITTLE_LEFT,FORWARD,FORWARD_AND_TURN_LITTLE_RIGHT,90_DEG_LEFT_TURN,180_DEG_LEFT_TURN
0,-5.349198396853419e-07,-1.7345136896702053e-07,-1.2884754342587853e-07,-2.000000179986163,-2.000000953765117
1,0.0,0.0,0.0,0.0,0.0
2,-1.1276712184627877e-13,-8.487941097845014e-14,-7.302842863959579e-14,-1.3303515660552496e-13,-1.1435753870887249e-13
3,-3.287434897589995,-6.2526190776971875,-4.4749397455747095,-3.394185092128746,-4.650163439253967
4,0.0,0.0,0.0,0.0,0.0
