,FORWARD_AND_TURN_LITTLE_LEFT,FORWARD,FORWARD_AND_TURN_LITTLE_RIGHT,90_DEG_LEFT_TURN,180_DEG_LEFT_TURN
0,-0.005116055031534693,-1.2841045758501095,-1.300197613792357,-0.01584795486749682,-0.1767631391666486
1,0.0,0.0,0.0,0.0,0.0
2,-0.004835703278458518,-5.389580664456123e-28,-4.405084590313586e-28,-0.033204139332677185,-2.0
3,-4.626279641762592,-6.109382136349787,-5.23819999286031,-5.565046427141288,-3.6818624508865154
4,0.0,0.0,0.0,0.0,0.0
