,FORWARD_AND_TURN_LITTLE_LEFT,FORWARD,FORWARD_AND_TURN_LITTLE_RIGHT,90_DEG_LEFT_TURN,180_DEG_LEFT_TURN
0,-7.68194040760706e-08,-2.0000000700163962,-2.000000063994994,-0.10995123630495705,-0.17179883249812705
1,0.0,0.0,0.0,0.0,0.0
2,-1.0369139396887762e-16,-0.00483570327845866,-8.900726499743646e-17,-2.0038690768429412,-1.1179928848043742e-16
3,-3.287434897589995,-7.528084845772149,-4.4749397455747095,-3.394185092128746,-7.522885851628457
4,0.0,0.0,0.0,0.0,0.0
