,FORWARD_AND_TURN_LITTLE_LEFT,FORWARD,FORWARD_AND_TURN_LITTLE_RIGHT,90_DEG_LEFT_TURN,180_DEG_LEFT_TURN
0,-2.0509862771556135,-0.0553260680864268,-0.012593366118738552,-0.01052782176716207,-2.068751062798094
1,0.0,0.0,0.0,0.0,0.0
2,-9.072133096805516e-19,-2.0450398349232506,-0.05710629172627726,-5.532078432329441e-08,-0.0044565841414273685
3,-2.764913697748418,-6.972633425458033,-4.07782126062372,-2.931733512459507,-7.014752872540679
4,0.0,0.0,0.0,0.0,0.0
