,FORWARD_AND_TURN_LITTLE_LEFT,FORWARD,FORWARD_AND_TURN_LITTLE_RIGHT,90_DEG_LEFT_TURN,180_DEG_LEFT_TURN
0,-0.15836038694223303,-0.05965365059663166,-0.08557109033237105,-2.0636975644450124,-0.040657375712228716
1,0.0,0.0,0.0,0.0,0.0
2,-3.0354204949744307e-09,-3.6000000000000005,-2.607409943800164e-10,-3.641149095472805e-16,-3.4607263028353494e-16
3,-6.0980172990423,-5.295424948172344,-6.445980303030342,-2.95197993165617,-5.92975255497582
4,0.0,0.0,0.0,0.0,0.0
