,FORWARD_AND_TURN_LITTLE_LEFT,FORWARD,FORWARD_AND_TURN_LITTLE_RIGHT,90_DEG_LEFT_TURN,180_DEG_LEFT_TURN
0,-2.0079205193193936,-3.625574805357305,-0.09192593270780107,-0.4794091652199671,-0.3504040645474923
1,0.0,0.0,0.0,0.0,0.0
2,-2.0118059162072393,-7.293054418001706e-14,-0.0008112963842082114,-8.980426665867693e-14,-7.199856383691553e-14
3,-2.558440764843804,-3.5977272736620254,-3.884681094024266,-2.8303647306461004,-5.140142834366352
4,0.0,0.0,0.0,0.0,0.0
