,FORWARD_AND_TURN_LITTLE_LEFT,FORWARD,FORWARD_AND_TURN_LITTLE_RIGHT,90_DEG_LEFT_TURN,180_DEG_LEFT_TURN
0,-2.1106718172465837,-0.0012958696355149476,-0.0006836072105653114,-0.022444430621158265,-2.001987139514196
1,0.0,0.0,0.0,0.0,0.0
2,-0.02305843282321828,-2.000000003006572,-2.62782739822641e-09,-0.026563314140887733,-2.4138867521228797e-09
3,-7.674742109108287,-3.537400870511976,-4.312770522261168,-3.747348101167825,-5.077630161952018
4,0.0,0.0,0.0,0.0,0.0
