,FORWARD_AND_TURN_LITTLE_LEFT,FORWARD,FORWARD_AND_TURN_LITTLE_RIGHT,90_DEG_LEFT_TURN,180_DEG_LEFT_TURN
0,-3.624241397777736,-2.0122563636554047,-0.03564008907071805,-0.01942093023968494,-2.0848697047322706
1,0.0,0.0,0.0,0.0,0.0
2,-4.643656551854958e-18,-2.000170470284372,-2.028823037615171,-2.2880140131276633e-05,-0.08106479329266891
3,-3.287434897589995,-7.528084845772149,-4.4749397455747095,-3.394185092128746,-7.522885851628457
4,0.0,0.0,0.0,0.0,0.0
