,FORWARD_AND_TURN_LITTLE_LEFT,FORWARD,FORWARD_AND_TURN_LITTLE_RIGHT,90_DEG_LEFT_TURN,180_DEG_LEFT_TURN
0,-0.004561039774482134,-0.04546609510561501,-0.13798918952942882,-0.0003892496694089369,-0.015204722357243908
1,0.0,0.0,0.0,0.0,0.0
2,-2.0000000000114455,-0.0005192297001933503,-0.00026584560986261084,-1.0065023357370814e-11,-2.000000000012605
3,-3.606502550375037,-3.035219207251962,-6.9039538607232025,-3.923638280884597,-8.240336921432819
4,0.0,0.0,0.0,0.0,0.0
