,FORWARD_AND_TURN_LITTLE_LEFT,FORWARD,FORWARD_AND_TURN_LITTLE_RIGHT,90_DEG_LEFT_TURN,180_DEG_LEFT_TURN
0,-0.0032112694039394376,-0.00393144119519409,-0.003930346166888973,-0.09334793841147807,-2.0618286934049785
1,0.0,0.0,0.0,0.0,0.0
2,-4.3756390710368496e-11,-0.0030948500982229715,-3.766377973912964e-12,-8.353782339018896e-15,-2.0000000000000164
3,-5.59309361138526,-3.712076997730345,-5.321123988273174,-4.211997688828624,-8.276268960775463
4,0.0,0.0,0.0,0.0,0.0
