,FORWARD_AND_TURN_LITTLE_LEFT,FORWARD,FORWARD_AND_TURN_LITTLE_RIGHT,90_DEG_LEFT_TURN,180_DEG_LEFT_TURN
0,-0.07284700483173036,-0.1038297664419833,-0.12228323946570971,-0.08149497633658498,-0.3253455406084614
1,0.0,0.0,0.0,0.0,0.0
2,-1.2554750361948103e-06,-5.1223291249482514e-15,-6.901809995424467e-08,-9.903555693412238e-13,-2.8005445653598227e-11
3,-5.59309361138526,-3.712076997730345,-5.321123988273174,-4.211997688828624,-5.636235602233004
4,0.0,0.0,0.0,0.0,0.0
