,FORWARD_AND_TURN_LITTLE_LEFT,FORWARD,FORWARD_AND_TURN_LITTLE_RIGHT,90_DEG_LEFT_TURN,180_DEG_LEFT_TURN
0,-0.13790196102996613,-9.009080512910848e-05,-0.00011244713195802384,-0.01190692128595985,-0.9238013946030466
1,0.0,0.0,0.0,0.0,0.0
2,-5.416985922092832e-14,-2.88003288378684,-2.3970400993728634e-15,-1.074249754108105e-17,-1.6014391401224452e-17
3,-6.760355755343076,-5.294982901919507,-4.095767360804022,-6.9006203421933545,-4.561205181195332
4,0.0,0.0,0.0,0.0,0.0
