,FORWARD_AND_TURN_LITTLE_LEFT,FORWARD,FORWARD_AND_TURN_LITTLE_RIGHT,90_DEG_LEFT_TURN,180_DEG_LEFT_TURN
0,-0.12492924367652627,-0.4294763129863921,-0.03900622655374342,-0.04781492614666071,-3.160418820719809
1,0.0,0.0,0.0,0.0,0.0
2,-5.9635512786163254e-09,-3.6002658463948745,-6.422620085325099e-05,-0.0030948500982137224,-1.9644457692371168e-16
3,-4.070847920761999,-2.9751671931707024,-4.482483839950423,-2.186908003859306,-3.9479634596476063
4,0.0,0.0,0.0,0.0,0.0
