,FORWARD_AND_TURN_LITTLE_LEFT,FORWARD,FORWARD_AND_TURN_LITTLE_RIGHT,90_DEG_LEFT_TURN,180_DEG_LEFT_TURN
0,-1.621044564688763,-3.625574805357305,-0.08824889539948903,-0.3332965343606257,-0.3504040645474923
1,0.0,0.0,0.0,0.0,0.0
2,-4.817318119831738e-06,-2.000005986310708,-0.06485188984810818,-2.0000000000000013,-1.5124408266434428e-15
3,-2.558440764843804,-3.5977272736620254,-3.884681094024266,-2.8303647306461004,-5.140142834366352
4,0.0,0.0,0.0,0.0,0.0
