,FORWARD_AND_TURN_LITTLE_LEFT,FORWARD,FORWARD_AND_TURN_LITTLE_RIGHT,90_DEG_LEFT_TURN,180_DEG_LEFT_TURN
0,-0.045987158711270355,-0.12795540056531662,-0.21618945349643048,-3.6007667671220647,-2.001652910457005
1,0.0,0.0,0.0,0.0,0.0
2,-0.009444732994332173,-3.0863731706379504e-11,-3.603868562649266,-2.0000000000252327,-2.0094447329935683
3,-3.436756172776704,-5.791958988430938,-3.861349196536814,-4.597194708399045,-3.838963304309715
4,0.0,0.0,0.0,0.0,0.0
