,FORWARD_AND_TURN_LITTLE_LEFT,FORWARD,FORWARD_AND_TURN_LITTLE_RIGHT,90_DEG_LEFT_TURN,180_DEG_LEFT_TURN
0,-2.0000423747991896,-0.4195607602633935,-2.0000331414811807,-1.9204609624738425,-0.1224097612798648
1,0.0,0.0,0.0,0.0,0.0
2,-3.0354204949744307e-09,-3.6000000000000005,-2.607409943800164e-10,-3.641149095472805e-16,-3.4607263028353494e-16
3,-6.0980172990423,-5.295424948172344,-6.445980303030342,-2.95197993165617,-5.92975255497582
4,0.0,0.0,0.0,0.0,0.0
