,FORWARD_AND_TURN_LITTLE_LEFT,FORWARD,FORWARD_AND_TURN_LITTLE_RIGHT,90_DEG_LEFT_TURN,180_DEG_LEFT_TURN
0,-0.1413196196968987,-3.760439348104611e-06,-2.0230640450185438,-0.003101894530487454,-1.6186070201922733
1,0.0,0.0,0.0,0.0,0.0
2,-1.2571827345618415e-06,-2.0000000008164327,-0.0011682680095050023,-1.061440872576789e-09,-2.000000001111819
3,-6.760355755343076,-5.294982901919507,-4.095767360804022,-8.175819051483327,-4.561205181195332
4,0.0,0.0,0.0,0.0,0.0
