,FORWARD_AND_TURN_LITTLE_LEFT,FORWARD,FORWARD_AND_TURN_LITTLE_RIGHT,90_DEG_LEFT_TURN,180_DEG_LEFT_TURN
0,-4.376300241750396e-06,-0.12666790554673335,-0.12695598971412653,-0.045039879565754615,-2.0000036333770486
1,0.0,0.0,0.0,0.0,0.0
2,-0.0005867440350570927,-0.0006273254277917989,-0.0006219221862135832,-0.0005257716284505789,-0.0006642185630837317
3,-4.353047907856121,-8.503896021158381,-4.486943159248947,-3.4565043285108525,-4.7055793901647425
4,0.0,0.0,0.0,0.0,0.0
