,FORWARD_AND_TURN_LITTLE_LEFT,FORWARD,FORWARD_AND_TURN_LITTLE_RIGHT,90_DEG_LEFT_TURN,180_DEG_LEFT_TURN
0,-1.600311452496265,-0.023658428181792028,-0.0006181685913547406,-1.2803217014288075,-0.21507577421504037
1,0.0,0.0,0.0,0.0,0.0
2,-1.4945156257200511e-07,-2.0019809058556657,-2.761397249343746e-07,-1.4929419020926511e-05,-0.0015847709611113729
3,-5.279668906500212,-6.089438295563014,-5.788016710905369,-3.855890031992925,-3.5445526626173764
4,0.0,0.0,0.0,0.0,0.0
