,FORWARD_AND_TURN_LITTLE_LEFT,FORWARD,FORWARD_AND_TURN_LITTLE_RIGHT,90_DEG_LEFT_TURN,180_DEG_LEFT_TURN
0,-2.0079205193193936,-3.625574805357305,-0.09192593270780107,-1.0644304411216274,-0.3504040645474923
1,0.0,0.0,0.0,0.0,0.0
2,-5.127147503280573e-10,-3.568134784181809e-05,-8.14384917170504e-11,-1.2325510361264278e-10,-8.713508187504354e-05
3,-3.694968943377811,-2.2977960021142025,-0.8185074325825213,-1.8329675757688908,-1.7997670426865766
4,0.0,0.0,0.0,0.0,0.0
