,FORWARD_AND_TURN_LITTLE_LEFT,FORWARD,FORWARD_AND_TURN_LITTLE_RIGHT,90_DEG_LEFT_TURN,180_DEG_LEFT_TURN
0,-0.004121175637385389,-0.0002309000226462006,-0.018836838980564968,-0.17207170940209954,-0.056580118801837234
1,0.0,0.0,0.0,0.0,0.0
2,-2.000000000001241,-2.000000000000009,-1.2256955569315496e-14,-5.164264498922947e-13,-8.005469886504432e-13
3,-2.8765353972469216,-4.3357748077001075,-2.339326762686815,-6.397851601712773,-5.38094399185262
4,0.0,0.0,0.0,0.0,0.0
