,FORWARD_AND_TURN_LITTLE_LEFT,FORWARD,FORWARD_AND_TURN_LITTLE_RIGHT,90_DEG_LEFT_TURN,180_DEG_LEFT_TURN
0,-0.005551274990814554,-1.6040648750144004,-1.300197613792357,-0.01874409878613463,-0.2736943312020219
1,0.0,0.0,0.0,0.0,0.0
2,-1.7005859866639299e-26,-1.8149128886124795e-26,-1.8182320064506484e-26,-5.255948806963596e-21,-1.770438895434179e-26
3,-4.626279641762592,-4.400355180259931,-5.23819999286031,-5.565046427141288,-3.6818624508865154
4,0.0,0.0,0.0,0.0,0.0
