,FORWARD_AND_TURN_LITTLE_LEFT,FORWARD,FORWARD_AND_TURN_LITTLE_RIGHT,90_DEG_LEFT_TURN,180_DEG_LEFT_TURN
0,-0.004121175637385389,-0.0002309000226462006,-0.018836838980564968,-0.17207170940209954,-0.056580118801837234
1,0.0,0.0,0.0,0.0,0.0
2,-1.9427433548994744e-09,-5.96845714976205e-14,-6.063678547040261e-12,-1.3350444868682527e-10,-1.335612596606302e-10
3,-2.8765353972469216,-2.451853157087771,-2.339326762686815,-3.3189460844671403,-5.38094399185262
4,0.0,0.0,0.0,0.0,0.0
