,FORWARD_AND_TURN_LITTLE_LEFT,FORWARD,FORWARD_AND_TURN_LITTLE_RIGHT,90_DEG_LEFT_TURN,180_DEG_LEFT_TURN
0,-1.6690398599590113,-0.017612250834148132,-0.0055136981450086405,-0.0020754281251196987,-1.601868430976132
1,0.0,0.0,0.0,0.0,0.0
2,-0.00041544999260205147,-2.2943332202000338e-05,-5.6216468689723685e-08,-2.0000000895823185,-8.7182242879266e-05
3,-3.9324457175701135,-5.641190637615228,-4.0514557062043375,-5.84395954629905,-6.630863409828407
4,0.0,0.0,0.0,0.0,0.0
