,FORWARD_AND_TURN_LITTLE_LEFT,FORWARD,FORWARD_AND_TURN_LITTLE_RIGHT,90_DEG_LEFT_TURN,180_DEG_LEFT_TURN
0,-1.600311452496265,-0.023658428181792028,-0.0006181685913547406,-1.2803217014288075,-0.21507577421504037
1,0.0,0.0,0.0,0.0,0.0
2,-0.0008112963841461159,-2.8246570625366917e-17,-2.0001701411834607,-2.0000585765587773,-0.0002126764793256166
3,-5.279668906500212,-6.089438295563014,-5.788016710905369,-3.855890031992925,-3.5445526626173764
4,0.0,0.0,0.0,0.0,0.0
