,FORWARD_AND_TURN_LITTLE_LEFT,FORWARD,FORWARD_AND_TURN_LITTLE_RIGHT,90_DEG_LEFT_TURN,180_DEG_LEFT_TURN
0,-0.00011169673463121787,-0.0001862410321546972,-0.0001274491739003587,-0.07150631282583683,-0.004943345284852756
1,0.0,0.0,0.0,0.0,0.0
2,-2.000035681205,-1.3925135320304777e-11,-3.5351262347837376e-08,-1.0785893836631286e-07,-0.001168266808939524
3,-6.7057778265685455,-3.537400870511976,-7.037295985078391,-3.747348101167825,-4.268454754356741
4,0.0,0.0,0.0,0.0,0.0
