,FORWARD_AND_TURN_LITTLE_LEFT,FORWARD,FORWARD_AND_TURN_LITTLE_RIGHT,90_DEG_LEFT_TURN,180_DEG_LEFT_TURN
0,-2.0026624100011654,-0.14022425081671938,-0.2203145100029068,-0.0036638248207844374,-0.005519375412770716
1,0.0,0.0,0.0,0.0,0.0
2,-3.568119231764901e-05,-3.6000057089907713,-0.0015845632502852873,-0.00010035335339338776,-0.0015845632502852873
3,-4.626279641762592,-6.109382136349787,-5.23819999286031,-5.565046427141288,-3.6818624508865154
4,0.0,0.0,0.0,0.0,0.0
