,FORWARD_AND_TURN_LITTLE_LEFT,FORWARD,FORWARD_AND_TURN_LITTLE_RIGHT,90_DEG_LEFT_TURN,180_DEG_LEFT_TURN
0,-2.0000423747991896,-0.4195607602633935,-2.0000331414811807,-1.9204609624738425,-0.1224097612798648
1,0.0,0.0,0.0,0.0,0.0
2,-1.569275437683671e-06,-1.6163372051162429e-15,-2.1062458525596232e-07,-1.5606382975409545e-15,-1.4742934881114673e-15
3,-4.5321256374716405,-5.295424948172344,-6.445980303030342,-2.95197993165617,-5.92975255497582
4,0.0,0.0,0.0,0.0,0.0
