,FORWARD_AND_TURN_LITTLE_LEFT,FORWARD,FORWARD_AND_TURN_LITTLE_RIGHT,90_DEG_LEFT_TURN,180_DEG_LEFT_TURN
0,-0.33555102545735654,-0.524294592946462,-7.267413722281154e-06,-0.3355504336583401,-0.3355507188252739
1,0.0,0.0,0.0,0.0,0.0
2,-3.2278478870980456e-13,-7.815237673773116e-16,-9.385362762145168e-19,-1.101038060338945e-18,-1.0471625857031001e-18
3,-4.9479044892452695,-6.162698288188569,-3.7886800104176555,-2.9027341030482736,-3.361910261519806
4,0.0,0.0,0.0,0.0,0.0
