,FORWARD_AND_TURN_LITTLE_LEFT,FORWARD,FORWARD_AND_TURN_LITTLE_RIGHT,90_DEG_LEFT_TURN,180_DEG_LEFT_TURN
0,-0.0057825781154318264,-1.6040648750144004,-2.0289566113986135,-0.01874409878613463,-0.2736943312020219
1,0.0,0.0,0.0,0.0,0.0
2,-5.735304277183702e-24,-5.082279709147316e-24,-4.806503046020763e-24,-1.5230729521495116e-13,-4.559537662043111e-24
3,-4.307066170404951,-3.2648426543534623,-4.425752009792839,-3.39113249037326,-4.9638243952249015
4,0.0,0.0,0.0,0.0,0.0
