,FORWARD_AND_TURN_LITTLE_LEFT,FORWARD,FORWARD_AND_TURN_LITTLE_RIGHT,90_DEG_LEFT_TURN,180_DEG_LEFT_TURN
0,-2.001838279397292,-2.001896488027617,-0.17373841464579984,-0.00496299369625959,-0.22299515892582072
1,0.0,0.0,0.0,0.0,0.0
2,-2.0,-2.000163335541759,-0.0028522138505136197,-0.0060446290980732485,-3.600456363108915
3,-5.59309361138526,-3.712076997730345,-5.321123988273174,-4.211997688828624,-8.276268960775463
4,0.0,0.0,0.0,0.0,0.0
