,FORWARD_AND_TURN_LITTLE_LEFT,FORWARD,FORWARD_AND_TURN_LITTLE_RIGHT,90_DEG_LEFT_TURN,180_DEG_LEFT_TURN
0,-2.0000832949720397,-0.03611511115341252,-0.0007031076594465403,-2.000013702109732,-0.2378262311521118
1,0.0,0.0,0.0,0.0,0.0
2,-1.1412940207288187e-09,-0.01180591718329114,-2.006044629967205,-2.000000000932298,-9.411035316919251e-10
3,-4.0675051975073995,-4.958205908884508,-2.432485034738113,-5.09149792440247,-2.666416394151715
4,0.0,0.0,0.0,0.0,0.0
