,FORWARD_AND_TURN_LITTLE_LEFT,FORWARD,FORWARD_AND_TURN_LITTLE_RIGHT,90_DEG_LEFT_TURN,180_DEG_LEFT_TURN
0,-0.0006499604483901035,-1.2659134609060252e-05,-7.156231069206531e-07,-4.899366211812065e-06,-0.0001384519669582822
1,0.0,0.0,0.0,0.0,0.0
2,-9.353702537310217e-06,-8.258034572596158e-11,-7.466781964290249e-11,-5.9864224232935745e-06,-8.564783183579674e-11
3,-4.234702439612657,-4.92648770435006,-5.131705362423316,-3.6070867573479206,-5.644994986399515
4,0.0,0.0,0.0,0.0,0.0
