,FORWARD_AND_TURN_LITTLE_LEFT,FORWARD,FORWARD_AND_TURN_LITTLE_RIGHT,90_DEG_LEFT_TURN,180_DEG_LEFT_TURN
0,-0.00039097318221404764,-0.00046067234923971275,-2.476301284957736,-0.0009190457235705734,-0.26997783214749393
1,0.0,0.0,0.0,0.0,0.0
2,-2.0,0.0,-2.0000000000000004,-2.0184467440737097,-0.0030948500982134514
3,-1.1766898748681145,-3.4854604056660197,-1.2921769872349864,-1.2353629238408868,-3.6327600682732575
4,0.0,0.0,0.0,0.0,0.0
