,FORWARD_AND_TURN_LITTLE_LEFT,FORWARD,FORWARD_AND_TURN_LITTLE_RIGHT,90_DEG_LEFT_TURN,180_DEG_LEFT_TURN
0,-0.00025406763416579547,-2.0003289216878306,-2.012378535725208,-0.009739398467415799,-0.0007959606918903428
1,0.0,0.0,0.0,0.0,0.0
2,-0.0001088903630371302,-0.03602879827066698,-2.000000000004201,-2.309244781658224,-4.460213224204726e-05
3,-3.001409888564883,-4.0523671469573905,-4.913186562085671,-4.384404140711372,-2.9231096403403614
4,0.0,0.0,0.0,0.0,0.0
