,FORWARD_AND_TURN_LITTLE_LEFT,FORWARD,FORWARD_AND_TURN_LITTLE_RIGHT,90_DEG_LEFT_TURN,180_DEG_LEFT_TURN
0,-0.005620206036975805,-0.0884934867955483,-0.17240539323065918,-0.0004773886476143604,-0.029372765126255397
1,0.0,0.0,0.0,0.0,0.0
2,-0.00041544999260205147,-2.2943332202000338e-05,-5.6216468689723685e-08,-2.0000000895823185,-2.000069754788939
3,-3.0781525179846834,-4.423516414598369,-4.0514557062043375,-7.1676720399167895,-4.756044492656093
4,0.0,0.0,0.0,0.0,0.0
