,FORWARD_AND_TURN_LITTLE_LEFT,FORWARD,FORWARD_AND_TURN_LITTLE_RIGHT,90_DEG_LEFT_TURN,180_DEG_LEFT_TURN
0,-0.004548488108332028,-1.6378789857383238,-0.0013182752282004185,-0.008311264966371634,-0.11155433830363234
1,0.0,0.0,0.0,0.0,0.0
2,-2.000011785562385,-2.4431908674885883e-06,-2.800771409115474e-06,-0.017002790292417146,-2.0000030936918556
3,-4.923196726643287,-8.503896021158381,-3.447434273658504,-5.429897044907598,-4.066937954935755
4,0.0,0.0,0.0,0.0,0.0
