,FORWARD_AND_TURN_LITTLE_LEFT,FORWARD,FORWARD_AND_TURN_LITTLE_RIGHT,90_DEG_LEFT_TURN,180_DEG_LEFT_TURN
0,-0.4252712935552435,-2.004909852668676,-0.02041355128856884,-0.0063770611679466,-0.14493449671705227
1,0.0,0.0,0.0,0.0,0.0
2,-1.2554750361948103e-06,-5.1223291249482514e-15,-6.901809995424467e-08,-9.903555693412238e-13,-2.8005445653598227e-11
3,-6.973789702410255,-4.271788009238793,-5.855866026590727,-4.857688180611397,-3.9776947937537037
4,0.0,0.0,0.0,0.0,0.0
