,FORWARD_AND_TURN_LITTLE_LEFT,FORWARD,FORWARD_AND_TURN_LITTLE_RIGHT,90_DEG_LEFT_TURN,180_DEG_LEFT_TURN
0,-0.1413196196968987,-3.760439348104611e-06,-2.0230640450185438,-0.003101894530487454,-1.6186070201922733
1,0.0,0.0,0.0,0.0,0.0
2,-2.000000000488307,-0.001980704286992476,-0.0001361767038566933,-1.4959428169635567e-10,-0.00013611311952573283
3,-6.760355755343076,-5.294982901919507,-4.095767360804022,-8.175819051483327,-4.561205181195332
4,0.0,0.0,0.0,0.0,0.0
