,FORWARD_AND_TURN_LITTLE_LEFT,FORWARD,FORWARD_AND_TURN_LITTLE_RIGHT,90_DEG_LEFT_TURN,180_DEG_LEFT_TURN
0,-1.6000516629330852,-1.6009860025657394,-0.0013476341494402706,-8.07949651312432e-05,-0.008765920651008896
1,0.0,0.0,0.0,0.0,0.0
2,-0.02207164577133011,-2.026368119512151,-0.04560040430241101,-0.010148081540234838,-0.009245908229298421
3,-6.586917587972224,-6.234483698788564,-3.6236728317283067,-7.195978018915305,-3.6532640371059966
4,0.0,0.0,0.0,0.0,0.0
