,FORWARD_AND_TURN_LITTLE_LEFT,FORWARD,FORWARD_AND_TURN_LITTLE_RIGHT,90_DEG_LEFT_TURN,180_DEG_LEFT_TURN
0,-0.12492924367652627,-0.4294763129863921,-0.03900622655374342,-0.05196741237257721,-4.920601605425517
1,0.0,0.0,0.0,0.0,0.0
2,-4.817318119831738e-06,-2.000005986310708,-0.06485188984810818,-2.0000000000000013,-1.5124408266434428e-15
3,-2.1571332507937484,-2.9751671931707024,-4.482483839950423,-2.186908003859306,-3.9479634596476063
4,0.0,0.0,0.0,0.0,0.0
