,FORWARD_AND_TURN_LITTLE_LEFT,FORWARD,FORWARD_AND_TURN_LITTLE_RIGHT,90_DEG_LEFT_TURN,180_DEG_LEFT_TURN
0,-0.03553262397470894,-0.04057532270530321,-1.6345256410587763,-1.3127687661899128,-2.0467479302920997
1,0.0,0.0,0.0,0.0,0.0
2,-4.3756390710368496e-11,-0.0038685626227770438,-4.7063017109234015e-12,-8.701856603144684e-15,-2.0000000000000164
3,-5.59309361138526,-3.712076997730345,-5.321123988273174,-4.211997688828624,-8.276268960775463
4,0.0,0.0,0.0,0.0,0.0
