,FORWARD_AND_TURN_LITTLE_LEFT,FORWARD,FORWARD_AND_TURN_LITTLE_RIGHT,90_DEG_LEFT_TURN,180_DEG_LEFT_TURN
0,-0.005601658825409626,-0.02882726999125743,-0.045136709016956746,-3.5661195145809754e-07,-1.5918999443728831e-06
1,0.0,0.0,0.0,0.0,0.0
2,-2.109955956139756,-3.068431332110608e-06,-3.6000004931894827,-2.0703692386485533,-0.05188147125833394
3,-5.130806158539315,-3.9412795001849403,-3.970434583349733,-4.535640427130549,-4.026156435335094
4,0.0,0.0,0.0,0.0,0.0
