,FORWARD_AND_TURN_LITTLE_LEFT,FORWARD,FORWARD_AND_TURN_LITTLE_RIGHT,90_DEG_LEFT_TURN,180_DEG_LEFT_TURN
0,-0.08949609960347357,-0.2840245686157678,-0.031804612168322526,-0.0399309056365708,-2.032570175669565
1,0.0,0.0,0.0,0.0,0.0
2,-2.6572889677218573e-15,-2.238123029587064e-09,-0.011805916207182379,-2.0030997944364777,-1.4615016376233116e-05
3,-3.1857935411984193,-2.070163418732713,-3.449240529479011,-3.934836239702467,-4.5690252630052735
4,0.0,0.0,0.0,0.0,0.0
