,FORWARD_AND_TURN_LITTLE_LEFT,FORWARD,FORWARD_AND_TURN_LITTLE_RIGHT,90_DEG_LEFT_TURN,180_DEG_LEFT_TURN
0,-0.070457427284459,-2.0880149296073114,-2.000043524829919,-0.00014517026309876136,-0.0049487221665790926
1,0.0,0.0,0.0,0.0,0.0
2,-4.080970465761841e-10,-1.5491927037945349e-12,-8.622275457799493e-08,-4.079160808363731e-10,-5.146006278671607e-13
3,-4.576623456700416,-4.905169436191972,-4.164504997365503,-2.54912566136302,-3.2025645867212904
4,0.0,0.0,0.0,0.0,0.0
