,FORWARD_AND_TURN_LITTLE_LEFT,FORWARD,FORWARD_AND_TURN_LITTLE_RIGHT,90_DEG_LEFT_TURN,180_DEG_LEFT_TURN
0,-0.33555102545735654,-0.524294592946462,-7.570222627376201e-06,-0.3355504336583401,-0.5242947278283154
1,0.0,0.0,0.0,0.0,0.0
2,-2.000015088942338,-2.000007482888394,-1.0410016399675597e-14,-4.460149040764165e-05,-1.6571061702290589e-13
3,-4.2750864964342785,-5.514193577641983,-3.4129568540390482,-2.567751816740921,-3.1164645265634805
4,0.0,0.0,0.0,0.0,0.0
