,FORWARD_AND_TURN_LITTLE_LEFT,FORWARD,FORWARD_AND_TURN_LITTLE_RIGHT,90_DEG_LEFT_TURN,180_DEG_LEFT_TURN
0,-2.000384693789734,-0.041968184942562804,-0.002003127466494225,-0.0004392694261995566,-0.0006610140348533498
1,0.0,0.0,0.0,0.0,0.0
2,-3.6000000031095736,-9.353687122948509e-06,-3.831316114271502e-06,-1.817271437896868e-08,-8.930867713523499e-11
3,-6.610569880426468,-3.4550001620737896,-6.16496010260722,-4.102133775139321,-7.710488294216513
4,0.0,0.0,0.0,0.0,0.0
