,FORWARD_AND_TURN_LITTLE_LEFT,FORWARD,FORWARD_AND_TURN_LITTLE_RIGHT,90_DEG_LEFT_TURN,180_DEG_LEFT_TURN
0,-0.0032112694039394376,-0.00393144119519409,-2.0036580800381416,-0.09334793841147807,-2.0618286934049785
1,0.0,0.0,0.0,0.0,0.0
2,-2.0,-0.00017014118933192954,-0.0028522138505136197,-0.0060446290980732485,-2.000000011116041
3,-5.59309361138526,-3.712076997730345,-5.321123988273174,-4.211997688828624,-8.276268960775463
4,0.0,0.0,0.0,0.0,0.0
