,FORWARD_AND_TURN_LITTLE_LEFT,FORWARD,FORWARD_AND_TURN_LITTLE_RIGHT,90_DEG_LEFT_TURN,180_DEG_LEFT_TURN
0,-0.004561039774482134,-0.04546609510561501,-0.13798918952942882,-0.0003892496694089369,-0.015204722357243908
1,0.0,0.0,0.0,0.0,0.0
2,-2.003897107577015,-9.950877371335483e-10,-2.0450359978283488,-3.6879469333844364e-13,-2.000004789049139
3,-3.606502550375037,-3.035219207251962,-6.9039538607232025,-3.923638280884597,-8.240336921432819
4,0.0,0.0,0.0,0.0,0.0
