,FORWARD_AND_TURN_LITTLE_LEFT,FORWARD,FORWARD_AND_TURN_LITTLE_RIGHT,90_DEG_LEFT_TURN,180_DEG_LEFT_TURN
0,-2.0509862771556135,-0.0553260680864268,-0.012593366118738552,-0.01052782176716207,-0.08383326414418488
1,0.0,0.0,0.0,0.0,0.0
2,-4.643656551854958e-18,-2.000170470284372,-2.028823037615171,-2.2880140131276633e-05,-0.08106479329266891
3,-3.287434897589995,-7.528084845772149,-4.4749397455747095,-3.394185092128746,-7.522885851628457
4,0.0,0.0,0.0,0.0,0.0
