,FORWARD_AND_TURN_LITTLE_LEFT,FORWARD,FORWARD_AND_TURN_LITTLE_RIGHT,90_DEG_LEFT_TURN,180_DEG_LEFT_TURN
0,-2.005176177080581,-0.00023037858593949383,-0.003950368883634186,-0.4197275177696165,-2.819024391113549
1,0.0,0.0,0.0,0.0,0.0
2,-5.416985922092832e-14,-2.88003288378684,-2.3970400993728634e-15,-1.074249754108105e-17,-1.6014391401224452e-17
3,-6.140415827368011,-5.42748833378295,-4.444192014761309,-6.9006203421933545,-6.836762522602496
4,0.0,0.0,0.0,0.0,0.0
