,FORWARD_AND_TURN_LITTLE_LEFT,FORWARD,FORWARD_AND_TURN_LITTLE_RIGHT,90_DEG_LEFT_TURN,180_DEG_LEFT_TURN
0,-0.005362533587414618,-1.6052738061028102,-1.6022518854714276,-0.003998076982825617,-0.0023148839540876255
1,0.0,0.0,0.0,0.0,0.0
2,-3.284264245410099e-08,-2.000000013549536,-9.049466431099794e-08,-1.1620636469885856e-08,-2.0000000092242773
3,-3.6925620192119077,-4.005144583429639,-6.0691044396123655,-4.111017248174497,-8.34876667609283
4,0.0,0.0,0.0,0.0,0.0
