,FORWARD_AND_TURN_LITTLE_LEFT,FORWARD,FORWARD_AND_TURN_LITTLE_RIGHT,90_DEG_LEFT_TURN,180_DEG_LEFT_TURN
0,-2.0079205193193936,-3.625574805357305,-0.09192593270780107,-0.4794091652199671,-0.3504040645474923
1,0.0,0.0,0.0,0.0,0.0
2,-0.009500484828756104,-0.00483570327847528,-2.000003831238869,-2.047957880653485e-14,-1.2963301479316903e-14
3,-2.558440764843804,-3.5977272736620254,-3.884681094024266,-2.8303647306461004,-5.140142834366352
4,0.0,0.0,0.0,0.0,0.0
