,FORWARD_AND_TURN_LITTLE_LEFT,FORWARD,FORWARD_AND_TURN_LITTLE_RIGHT,90_DEG_LEFT_TURN,180_DEG_LEFT_TURN
0,-1.600311452496265,-0.023658428181792028,-0.0006181685913547406,-1.2803217014288075,-0.21507577421504037
1,0.0,0.0,0.0,0.0,0.0
2,-3.0649910817436395e-06,-1.1506224812690317e-17,-0.018448313349143403,-0.0360298522404371,-2.0000012554203472
3,-5.279668906500212,-6.089438295563014,-5.788016710905369,-3.855890031992925,-3.5445526626173764
4,0.0,0.0,0.0,0.0,0.0
