,FORWARD_AND_TURN_LITTLE_LEFT,FORWARD,FORWARD_AND_TURN_LITTLE_RIGHT,90_DEG_LEFT_TURN,180_DEG_LEFT_TURN
0,-0.03317465706138606,-2.0467448729886257,-0.08020919220773223,-1.493185608203103,-0.4466677394519196
1,0.0,0.0,0.0,0.0,0.0
2,-2.8544958048422892e-05,-3.268633686580266e-12,-6.429516727993184e-05,-0.003868562628271846,-0.002487572095950582
3,-6.44144875944675,-4.5987695126506125,-3.1640695820088904,-7.076162821426434,-5.178444396981426
4,0.0,0.0,0.0,0.0,0.0
