,FORWARD_AND_TURN_LITTLE_LEFT,FORWARD,FORWARD_AND_TURN_LITTLE_RIGHT,90_DEG_LEFT_TURN,180_DEG_LEFT_TURN
0,-0.001195840398864135,-0.0012873470820402143,-2.012053068200621,-0.0011771194593111513,-0.012113230982794352
1,0.0,0.0,0.0,0.0,0.0
2,-0.002494148968630482,-8.898388565357485e-11,-2.0000000093605577,-4.880421379431351,-0.00021267660177194892
3,-2.131402513401217,-3.7582861783384693,-2.5360244991590157,-3.088534128080017,-5.948267906793964
4,0.0,0.0,0.0,0.0,0.0
