,FORWARD_AND_TURN_LITTLE_LEFT,FORWARD,FORWARD_AND_TURN_LITTLE_RIGHT,90_DEG_LEFT_TURN,180_DEG_LEFT_TURN
0,-0.0005230699429519891,-0.0006956444820763284,-0.0005629826712799897,-0.01549707834430669,-2.0294001137075743
1,0.0,0.0,0.0,0.0,0.0
2,-2.073893877201425e-14,-1.8268770468722495e-05,-3.0084366777791065e-12,-2.000000000000002,-2.000000000003845
3,-3.434749784137238,-4.62291671222345,-4.525401887290136,-5.214078105550685,-3.049700014436376
4,0.0,0.0,0.0,0.0,0.0
