,FORWARD_AND_TURN_LITTLE_LEFT,FORWARD,FORWARD_AND_TURN_LITTLE_RIGHT,90_DEG_LEFT_TURN,180_DEG_LEFT_TURN
0,-2.000000049029165,-0.33554437385337665,-0.2684355071478851,-0.036028858214133756,-0.014757455477534051
1,0.0,0.0,0.0,0.0,0.0
2,-9.719427757469193e-17,-2.003868562622767,-8.900726499743646e-17,-2.0038690768429412,-1.0368059318393977e-16
3,-3.287434897589995,-7.528084845772149,-4.4749397455747095,-3.394185092128746,-7.522885851628457
4,0.0,0.0,0.0,0.0,0.0
