,FORWARD_AND_TURN_LITTLE_LEFT,FORWARD,FORWARD_AND_TURN_LITTLE_RIGHT,90_DEG_LEFT_TURN,180_DEG_LEFT_TURN
0,-2.000709032633618,-0.22511821379818175,-0.09644346836817698,-0.005798599166593904,-2.000961721257961
1,0.0,0.0,0.0,0.0,0.0
2,-9.491708944386139e-07,-1.048103731355729e-06,-7.751620149961764e-07,-9.077349591961968e-07,-9.192685535558851e-07
3,-4.866137597333092,-6.189096658777639,-2.6675757088307472,-6.262272845029078,-2.475760307617849
4,0.0,0.0,0.0,0.0,0.0
