,FORWARD_AND_TURN_LITTLE_LEFT,FORWARD,FORWARD_AND_TURN_LITTLE_RIGHT,90_DEG_LEFT_TURN,180_DEG_LEFT_TURN
0,-3.606014614903105,-0.11700323404013299,-0.027420393521928304,-0.0037452934580956133,-0.0039357460929730454
1,0.0,0.0,0.0,0.0,0.0
2,-3.582462590494352e-05,-0.004836356240702808,-2.000000008261032,-0.006089242503181203,-2.000000007547011
3,-4.626279641762592,-6.109382136349787,-5.23819999286031,-5.565046427141288,-3.6818624508865154
4,0.0,0.0,0.0,0.0,0.0
