,FORWARD_AND_TURN_LITTLE_LEFT,FORWARD,FORWARD_AND_TURN_LITTLE_RIGHT,90_DEG_LEFT_TURN,180_DEG_LEFT_TURN
0,-2.0079205193193936,-3.625574805357305,-0.09192593270780107,-1.0644304411216274,-0.3504040645474923
1,0.0,0.0,0.0,0.0,0.0
2,-0.0005192339481518418,-2.0000038351523406,-5.1674554666054205e-09,-4.443801559500746e-09,-2.0005208028634485
3,-3.7587076306639893,-3.8306611368212877,-0.9636907607920627,-2.9139117425641414,-2.43698676426412
4,0.0,0.0,0.0,0.0,0.0
