,FORWARD_AND_TURN_LITTLE_LEFT,FORWARD,FORWARD_AND_TURN_LITTLE_RIGHT,90_DEG_LEFT_TURN,180_DEG_LEFT_TURN
0,-2.335726382160293,-0.06502218699635767,-0.001758659703784427,-2.3377087502297575,-0.0001896366241384493
1,0.0,0.0,0.0,0.0,0.0
2,-7.6699568908954e-14,-2.0024758800786873,-0.0035652732550150853,-4.0749082845830463e-10,-0.001584563250415437
3,-3.9649295534558666,-2.9664681344066692,-6.150238209710509,-5.903806171867167,-6.197328060067093
4,0.0,0.0,0.0,0.0,0.0
