,FORWARD_AND_TURN_LITTLE_LEFT,FORWARD,FORWARD_AND_TURN_LITTLE_RIGHT,90_DEG_LEFT_TURN,180_DEG_LEFT_TURN
0,-0.0028544840278268524,-1.6470221488759726,-0.0879625195260682,-2.0230959704769327,-1.8087209974753201e-06
1,0.0,0.0,0.0,0.0,0.0
2,-1.2961441940302743e-05,-3.2554864889447595e-06,-0.00033700536707870394,-3.2439800205942516e-05,-2.000003292622408
3,-7.742277093101962,-4.9080895075116375,-2.9546438920261404,-7.195978018915305,-5.077630161952018
4,0.0,0.0,0.0,0.0,0.0
