,FORWARD_AND_TURN_LITTLE_LEFT,FORWARD,FORWARD_AND_TURN_LITTLE_RIGHT,90_DEG_LEFT_TURN,180_DEG_LEFT_TURN
0,-1.600311452496265,-0.045683839534754515,-0.0006987040104107221,-1.6002623859839273,-0.2687049769667183
1,0.0,0.0,0.0,0.0,0.0
2,-2.433946002553818e-13,-2.5649702837861413e-13,-2.295285626914141e-13,-2.0812169107458412e-13,-2.8942776866530525e-13
3,-5.279668906500212,-4.402887336930292,-5.788016710905369,-3.855890031992925,-3.5445526626173764
4,0.0,0.0,0.0,0.0,0.0
