,FORWARD_AND_TURN_LITTLE_LEFT,FORWARD,FORWARD_AND_TURN_LITTLE_RIGHT,90_DEG_LEFT_TURN,180_DEG_LEFT_TURN
0,-2.0563947365314603,-1.3885423531799889e-05,-2.000011731702023,-0.1374888138366923,-0.33835326045176545
1,0.0,0.0,0.0,0.0,0.0
2,-0.00010899371300663861,-2.0000000999103706,-2.0000009112013126,-2.073874225978482e-06,-0.0010142333989973632
3,-6.760355755343076,-5.294982901919507,-4.095767360804022,-8.175819051483327,-4.561205181195332
4,0.0,0.0,0.0,0.0,0.0
