,FORWARD_AND_TURN_LITTLE_LEFT,FORWARD,FORWARD_AND_TURN_LITTLE_RIGHT,90_DEG_LEFT_TURN,180_DEG_LEFT_TURN
0,-0.021542724155694245,-0.010430651804559635,-0.0025112832718378617,-0.42302537915724886,-0.1474502493434266
1,0.0,0.0,0.0,0.0,0.0
2,-2.980037452397777e-05,-5.569105547688684e-22,-5.575186299672621e-05,-5.8713784295045395e-12,-0.0020253055532536693
3,-5.78678845914109,-3.088158398173121,-5.79021939800048,-3.6903626803625826,-3.2429156620942003
4,0.0,0.0,0.0,0.0,0.0
