,FORWARD_AND_TURN_LITTLE_LEFT,FORWARD,FORWARD_AND_TURN_LITTLE_RIGHT,90_DEG_LEFT_TURN,180_DEG_LEFT_TURN
0,-0.1989973872573426,-2.0002670901733604,-2.0044578355921057,-1.0307274328339566e-06,-4.230870935492874e-05
1,0.0,0.0,0.0,0.0,0.0
2,-2.109955956139756,-3.068431332110608e-06,-3.6000004931894827,-2.0703692386485533,-0.05188147125833394
3,-3.6861350901795786,-5.149954949466586,-4.283614809365266,-6.210553260454342,-4.796126906602903
4,0.0,0.0,0.0,0.0,0.0
