,FORWARD_AND_TURN_LITTLE_LEFT,FORWARD,FORWARD_AND_TURN_LITTLE_RIGHT,90_DEG_LEFT_TURN,180_DEG_LEFT_TURN
0,-0.07284700483173036,-0.1038297664419833,-0.12228323946570971,-0.08149497633658498,-0.16766863075534866
1,0.0,0.0,0.0,0.0,0.0
2,-2.261662924221891e-08,-2.0000000000000013,-1.2433211188060804e-09,-6.978772439859649e-14,-1.9263549439315306e-12
3,-5.59309361138526,-3.712076997730345,-5.321123988273174,-4.211997688828624,-8.276268960775463
4,0.0,0.0,0.0,0.0,0.0
