,FORWARD_AND_TURN_LITTLE_LEFT,FORWARD,FORWARD_AND_TURN_LITTLE_RIGHT,90_DEG_LEFT_TURN,180_DEG_LEFT_TURN
0,-0.00010059092938623768,-0.00022178609069892758,-0.0003839823745447714,-4.2941265240014733e-05,-6.1009646295201863e-05
1,0.0,0.0,0.0,0.0,0.0
2,-5.007279305436368e-07,-5.290715643557142e-07,-0.00012594729361129964,-4.920228177584506e-07,-4.449356367878787e-07
3,-3.6861350901795786,-5.149954949466586,-4.283614809365266,-6.210553260454342,-4.796126906602903
4,0.0,0.0,0.0,0.0,0.0
