,FORWARD_AND_TURN_LITTLE_LEFT,FORWARD,FORWARD_AND_TURN_LITTLE_RIGHT,90_DEG_LEFT_TURN,180_DEG_LEFT_TURN
0,-0.004307300974342167,-0.342142040623293,-0.0085459178268379,-0.0498428678227527,-2.0084913917338114
1,0.0,0.0,0.0,0.0,0.0
2,-2.000000514220174,-1.6491991663111265e-20,-2.0000000000143365,-3.831253189508204e-06,-2.0
3,-7.010106625216428,-3.6246673606556046,-3.8697249948588532,-6.969674529225101,-3.877673868790006
4,0.0,0.0,0.0,0.0,0.0
