,FORWARD_AND_TURN_LITTLE_LEFT,FORWARD,FORWARD_AND_TURN_LITTLE_RIGHT,90_DEG_LEFT_TURN,180_DEG_LEFT_TURN
0,-0.0020493407000421564,-0.11215525086630902,-2.1744009572134115,-0.14332951030089125,-0.0036575165218302222
1,0.0,0.0,0.0,0.0,0.0
2,-0.02895915056203928,-3.600017422457254,-0.00010889035751232507,-0.003868562622855114,-0.03624147349836539
3,-2.437052395819225,-3.405479558985978,-3.8311262461374307,-5.579216773780878,-4.856110560110839
4,0.0,0.0,0.0,0.0,0.0
