,FORWARD_AND_TURN_LITTLE_LEFT,FORWARD,FORWARD_AND_TURN_LITTLE_RIGHT,90_DEG_LEFT_TURN,180_DEG_LEFT_TURN
0,-0.005387605933438306,-2.047050727970928,-0.001490021009883647,-0.01513330388215047,-0.1391449186775637
1,0.0,0.0,0.0,0.0,0.0
2,-0.023365804081603433,-1.6034010585413352,-0.026459575421844253,-0.02660137352688865,-0.02125185955671276
3,-7.799141361497167,-5.969975142191307,-4.15834415102583,-4.30352420622393,-5.249930166938189
4,0.0,0.0,0.0,0.0,0.0
