,FORWARD_AND_TURN_LITTLE_LEFT,FORWARD,FORWARD_AND_TURN_LITTLE_RIGHT,90_DEG_LEFT_TURN,180_DEG_LEFT_TURN
0,-3.6197178364756417,-0.03603269767662095,-0.10133491985728262,-3.805961385325383e-06,-0.0035689434738635653
1,0.0,0.0,0.0,0.0,0.0
2,-2.000087123255919,-0.0005192408433260262,-1.1220884821271723e-08,-2.000000011172277,-3.6000000133326306
3,-3.6861350901795786,-5.149954949466586,-4.283614809365266,-6.210553260454342,-4.796126906602903
4,0.0,0.0,0.0,0.0,0.0
