,FORWARD_AND_TURN_LITTLE_LEFT,FORWARD,FORWARD_AND_TURN_LITTLE_RIGHT,90_DEG_LEFT_TURN,180_DEG_LEFT_TURN
0,-3.6907098625914756,-2.004710847562096,-0.14089921124152713,-0.007856724470292143,-2.0026087022670485
1,0.0,0.0,0.0,0.0,0.0
2,-2.000000000000052,-1.4615016453400294e-05,-6.9689828862487e-05,-0.00010889035749790202,-4.460149068249243e-05
3,-5.424687104127427,-3.840421377920271,-5.261555749980984,-4.843899824759476,-5.126937710904888
4,0.0,0.0,0.0,0.0,0.0
