,FORWARD_AND_TURN_LITTLE_LEFT,FORWARD,FORWARD_AND_TURN_LITTLE_RIGHT,90_DEG_LEFT_TURN,180_DEG_LEFT_TURN
0,-0.08118951368509421,-2.0453020575430725,-2.0001147867148843,-0.00032545615221600473,-0.002103781008663441
1,0.0,0.0,0.0,0.0,0.0
2,-6.7405829857481184e-18,-1.146750257775411e-11,-0.13746178944095466,-0.6554961129467685,-9.399444271899791e-18
3,-3.298602721698891,-4.726562298903218,-3.723149699477762,-4.165091111486406,-5.968062751358117
4,0.0,0.0,0.0,0.0,0.0
