,FORWARD_AND_TURN_LITTLE_LEFT,FORWARD,FORWARD_AND_TURN_LITTLE_RIGHT,90_DEG_LEFT_TURN,180_DEG_LEFT_TURN
0,-2.1267839623031555,-0.03615932472668405,-2.0150568839539615,-2.0001283918561876,-0.09058174775898922
1,0.0,0.0,0.0,0.0,0.0
2,-0.001980704062856609,-2.0,-2.002792792728628,-0.014893508205736022,-2.0000057468582786
3,-2.6934495690006726,-5.554672024498772,-1.1218045564933627,-1.0820866926779293,-4.018213501813428
4,0.0,0.0,0.0,0.0,0.0
