,FORWARD_AND_TURN_LITTLE_LEFT,FORWARD,FORWARD_AND_TURN_LITTLE_RIGHT,90_DEG_LEFT_TURN,180_DEG_LEFT_TURN
0,-1.3707391727704357,-0.033324433668112025,-1.6178309991194386,-1.2898573379972729,-0.05284208039220466
1,0.0,0.0,0.0,0.0,0.0
2,-2.0095166174182584,-0.003634189651053462,-0.00952126729059481,-6.091303612288974e-05,-7.620408714598465e-05
3,-2.6934495690006726,-5.554672024498772,-1.1218045564933627,-1.0820866926779293,-4.018213501813428
4,0.0,0.0,0.0,0.0,0.0
