,FORWARD_AND_TURN_LITTLE_LEFT,FORWARD,FORWARD_AND_TURN_LITTLE_RIGHT,90_DEG_LEFT_TURN,180_DEG_LEFT_TURN
0,-0.13706455273548035,-0.05724764132124366,-2.0296025077401896,-0.011362093437321757,-0.011458948851915339
1,0.0,0.0,0.0,0.0,0.0
2,-0.04520621416238828,-2.000265916750953,-5.224009645028186e-08,-2.014757456433296,-5.225031462528746e-08
3,-4.626279641762592,-6.109382136349787,-5.23819999286031,-5.565046427141288,-3.6818624508865154
4,0.0,0.0,0.0,0.0,0.0
