,FORWARD_AND_TURN_LITTLE_LEFT,FORWARD,FORWARD_AND_TURN_LITTLE_RIGHT,90_DEG_LEFT_TURN,180_DEG_LEFT_TURN
0,-0.0022609216106907323,-0.001657377673092399,-0.0012044198332389073,-2.0302531988281287,-2.0064217388650665
1,0.0,0.0,0.0,0.0,0.0
2,-2.980037452397777e-05,-5.569105547688684e-22,-5.575186299672621e-05,-5.8713784295045395e-12,-0.0020253055532536693
3,-3.434749784137238,-4.62291671222345,-4.525401887290136,-5.214078105550685,-3.049700014436376
4,0.0,0.0,0.0,0.0,0.0
