,FORWARD_AND_TURN_LITTLE_LEFT,FORWARD,FORWARD_AND_TURN_LITTLE_RIGHT,90_DEG_LEFT_TURN,180_DEG_LEFT_TURN
0,-0.08140975363559246,-2.002486932219477,-0.21965095635499043,-1.6130704851989932,-1.6136146783320438
1,0.0,0.0,0.0,0.0,0.0
2,-6.42775217703601e-07,-1.6491991663111265e-20,-2.0000000000143365,-3.831253189508204e-06,-2.0
3,-7.010106625216428,-3.6246673606556046,-3.8697249948588532,-6.969674529225101,-3.877673868790006
4,0.0,0.0,0.0,0.0,0.0
