,FORWARD_AND_TURN_LITTLE_LEFT,FORWARD,FORWARD_AND_TURN_LITTLE_RIGHT,90_DEG_LEFT_TURN,180_DEG_LEFT_TURN
0,-0.012234617208949677,-0.016533671547409385,-0.031773158281020814,-2.028467212351093,-2.0497799447614256
1,0.0,0.0,0.0,0.0,0.0
2,-4.3756390710368496e-11,-0.0030948500982229715,-3.766377973912964e-12,-8.353782339018896e-15,-2.0000000000000164
3,-5.59309361138526,-3.712076997730345,-5.321123988273174,-4.211997688828624,-8.276268960775463
4,0.0,0.0,0.0,0.0,0.0
