,FORWARD_AND_TURN_LITTLE_LEFT,FORWARD,FORWARD_AND_TURN_LITTLE_RIGHT,90_DEG_LEFT_TURN,180_DEG_LEFT_TURN
0,-0.12492924367652627,-0.4294763129863921,-0.03900622655374342,-0.05196741237257721,-3.6429507614711483
1,0.0,0.0,0.0,0.0,0.0
2,-4.817318119831738e-06,-2.000005986310708,-0.06485188984810818,-2.0000000000000013,-1.5124408266434428e-15
3,-2.558440764843804,-3.5977272736620254,-3.884681094024266,-2.8303647306461004,-5.140142834366352
4,0.0,0.0,0.0,0.0,0.0
