,FORWARD_AND_TURN_VERYHARD_LEFT,FORWARD_AND_TURN_HARD_LEFT,FORWARD_AND_TURN_LITTLE_LEFT,FORWARD,FORWARD_AND_TURN_LITTLE_RIGHT,FORWARD_AND_TURN_HARD_RIGHT,FORWARD_AND_TURN_VERYHARD_RIGHT
0,-0.2,-0.488,0.0,-0.2,-0.36000000000000004,-0.488,-0.9141006540800001
1,-0.58556245426176,-0.34002173952,-0.6908834783232001,-1.084519428292608,-0.88982784,-1.0026192928673627,-1.2144622571641897
2,-2.126764793255866e-05,0.0,-4.153837486827864e-05,0.0,-0.04194304000000001,0.0,0.0
3,0.0,-0.2,0.0,0.0,-0.36000000000000004,0.0,-0.488
4,-0.82208,-0.57632,-0.98329856,-1.1392480256000002,-1.0077041664000002,-1.053553152,-0.8918758400000002
5,0.0,0.0,0.0,0.0,0.0,0.0,0.0
6,0.0,0.0,0.0,0.0,0.0,-0.2,0.0
7,-0.2,-0.488,-0.5904,-0.36000000000000004,-0.6224000000000001,-0.2,-0.7502258176000001
8,-0.004503599627370496,0.0,0.0,0.0,0.0,0.0,0.0
