,FORWARD_AND_TURN_VERYHARD_LEFT,FORWARD_AND_TURN_HARD_LEFT,FORWARD_AND_TURN_LITTLE_LEFT,FORWARD,FORWARD_AND_TURN_LITTLE_RIGHT,FORWARD_AND_TURN_HARD_RIGHT,FORWARD_AND_TURN_VERYHARD_RIGHT
0,-2.3112560492805443,-2.3621307483692173,-2.4046757262297076,-2.780160634367043,-2.3246065855589824,-2.3967743329469697,-2.802864904290737
1,-0.6288800196745268,-0.6619810353361439,-0.6942493795942919,-0.4366963180771643,-0.7443593994157107,-0.7824264248407622,-0.5471850935163527
2,-0.42158988215556004,-0.5276110266940777,-0.3905696565074184,-0.46588352506369896,-0.41580445032244406,-0.3899200222430558,-0.44322459983063583
3,0.0,0.0,-0.2,0.0,-0.128,-0.24192,-0.21167839678372513
4,0.0,0.0,0.0,0.0,0.0,0.0,0.0
5,0.0,0.0,0.0,0.0,0.0,0.0,0.0
6,0.0,0.0,0.0,0.0,0.0,0.0,0.0
7,0.0,0.0,0.0,0.0,0.0,0.0,0.0
8,-0.4158749631158418,-0.37848168563135637,-0.5296586348410617,-0.45783118364720216,-0.4582240217455644,-0.563550564444483,-0.2442904167620703
