,FORWARD_AND_TURN_VERYHARD_LEFT,FORWARD_AND_TURN_HARD_LEFT,FORWARD_AND_TURN_LITTLE_LEFT,FORWARD,FORWARD_AND_TURN_LITTLE_RIGHT,FORWARD_AND_TURN_HARD_RIGHT,FORWARD_AND_TURN_VERYHARD_RIGHT
0,0.0,-0.16,-0.36000000000000004,-0.2,-0.4304,-0.2,0.0
1,-0.2,-0.2,-0.2,-0.2,-0.32000000000000006,-0.2624,-0.44192
2,-0.40385623339670446,-0.52889833789612,-0.30840725059504004,-0.3640035132212759,-0.47070529182510934,-0.29287206776739505,-0.2613395760074699
3,0.0,0.0,0.0,0.0,0.0,0.0,0.0
4,0.0,0.0,0.0,0.0,0.0,0.0,0.0
5,0.0,0.0,0.0,0.0,0.0,0.0,0.0
6,0.0,0.0,0.0,0.0,0.0,0.0,0.0
7,0.0,0.0,0.0,0.0,0.0,0.0,0.0
8,-0.49128494267201367,-0.33690243383884255,-0.475616037962873,-0.38896270264603156,-0.3628167010594826,-0.39659697961687945,-0.4237657158202885
