,FORWARD_AND_TURN_VERYHARD_LEFT,FORWARD_AND_TURN_HARD_LEFT,FORWARD_AND_TURN_LITTLE_LEFT,FORWARD,FORWARD_AND_TURN_LITTLE_RIGHT,FORWARD_AND_TURN_HARD_RIGHT,FORWARD_AND_TURN_VERYHARD_RIGHT
0,-2.429762618636158,-2.3621307483692173,-2.296537214822612,-2.725766612695889,-2.3246065855589824,-2.3967743329469697,-2.802864904290737
1,-0.6288800196745268,-0.6619810353361439,-0.6942493795942919,-0.4366963180771643,-0.7443593994157107,-0.7824264248407622,-0.5823356654349277
2,-0.346966418576541,-0.44177983039674373,-0.2765088485902272,-0.3260011693899119,-0.2882448619608356,-0.41334154556864955,-0.3512096175741818
3,0.0,0.0,-0.2,0.0,-0.128,-0.24192,-0.21167839678372513
4,0.0,0.0,0.0,0.0,0.0,0.0,0.0
5,0.0,0.0,0.0,0.0,0.0,0.0,0.0
6,0.0,0.0,0.0,0.0,0.0,0.0,0.0
7,0.0,0.0,0.0,0.0,0.0,0.0,0.0
8,-0.495196911905083,-0.7029519682720469,-0.5996554115505756,-0.6135991955351671,-0.14509266976791718,-0.563550564444483,-0.5757471016434597
