,FORWARD_AND_TURN_VERYHARD_LEFT,FORWARD_AND_TURN_HARD_LEFT,FORWARD_AND_TURN_LITTLE_LEFT,FORWARD,FORWARD_AND_TURN_LITTLE_RIGHT,FORWARD_AND_TURN_HARD_RIGHT,FORWARD_AND_TURN_VERYHARD_RIGHT
0,-2.2302148509037147,-2.251683619639466,-2.1838929321068874,-2.399615392994191,-1.9760545355439159,-2.0739383075002795,-2.1831586638495852
1,-0.5257034853051794,-0.740137030554747,-0.6382513124813571,-0.4738458312469231,-0.6504090824683477,-0.7824264248407622,-0.7710681341675909
2,-0.45743391060101274,-0.31784889203117916,-0.451985385969909,-0.45670311148507825,-0.3573224920253278,-0.3400681270439499,-0.42549048782609333
3,0.0,0.0,-0.2,0.0,-0.2,-0.24192,-0.028511710897766395
4,0.0,0.0,0.0,0.0,0.0,0.0,0.0
5,0.0,0.0,0.0,0.0,0.0,0.0,0.0
6,0.0,0.0,0.0,0.0,0.0,0.0,0.0
7,0.0,0.0,0.0,0.0,0.0,0.0,0.0
8,-0.5847368215233639,-0.4696134569856052,-0.518203431140283,-0.4842695108299372,-0.45932992631437913,-0.24698832124888936,-0.48093681525047266
