,FORWARD_AND_TURN_VERYHARD_LEFT,FORWARD_AND_TURN_HARD_LEFT,FORWARD_AND_TURN_LITTLE_LEFT,FORWARD,FORWARD_AND_TURN_LITTLE_RIGHT,FORWARD_AND_TURN_HARD_RIGHT,FORWARD_AND_TURN_VERYHARD_RIGHT
0,-0.746189312,-0.68110804992,-0.666874368,-0.64885399552,-1.1990465130070018,-1.0507530608069156,-0.57632
1,-0.583149568,-0.3461632,-0.39200000000000007,-0.487038976,-0.26349404160000006,-0.43224320000000005,-0.3702443949953559
2,-0.6816265109917762,-0.5692809528971955,-0.5942515993500659,-0.5458123532360419,-0.5406920107301174,-0.5948301519331952,-0.4092205849099872
3,0.0,0.0,0.0,0.0,0.0,-0.2,-0.2
4,0.0,0.0,0.0,0.0,0.0,0.0,0.0
5,0.0,0.0,0.0,0.0,0.0,0.0,0.0
6,0.0,0.0,0.0,0.0,0.0,0.0,0.0
7,0.0,0.0,0.0,0.0,0.0,0.0,0.0
8,-0.6031916388711633,-0.4740566091325366,-0.5550644778344622,-0.5314309736899201,-0.521130017440179,-0.4864543633886871,-0.6046245773886191
