,FORWARD_AND_TURN_VERYHARD_LEFT,FORWARD_AND_TURN_HARD_LEFT,FORWARD_AND_TURN_LITTLE_LEFT,FORWARD,FORWARD_AND_TURN_LITTLE_RIGHT,FORWARD_AND_TURN_HARD_RIGHT,FORWARD_AND_TURN_VERYHARD_RIGHT
0,-1.917695671702506,-1.8495886972690765,-2.0775452047226577,-2.3961029170769974,-1.8827501173889674,-1.8250198649091574,-2.2490768350243124
1,-0.624380026159104,-0.5922675645218817,-0.45651178383474694,-0.41451861835776005,-0.71824218683605,-0.8951293073794008,-0.8150046945559901
2,-0.18213809782017498,-0.33114360668143217,-0.15110688521448987,-0.2843123494044752,-0.29048870815594785,-0.41858287053348775,-0.05194667182908888
3,0.0,0.0,0.0,0.0,0.0,-0.128,-0.069608669184
4,0.0,0.0,0.0,0.0,0.0,0.0,0.0
5,0.0,0.0,0.0,0.0,0.0,0.0,0.0
6,0.0,0.0,0.0,0.0,0.0,0.0,0.0
7,0.0,0.0,0.0,0.0,0.0,0.0,0.0
8,-0.3017305718574388,-0.33287346137900087,-0.4363817965057798,-0.40846294235098557,-0.3510926477442662,-0.20122271329326574,-0.4373697988767148
