,FORWARD_AND_TURN_VERYHARD_LEFT,FORWARD_AND_TURN_HARD_LEFT,FORWARD_AND_TURN_LITTLE_LEFT,FORWARD,FORWARD_AND_TURN_LITTLE_RIGHT,FORWARD_AND_TURN_HARD_RIGHT,FORWARD_AND_TURN_VERYHARD_RIGHT
0,-1.2243622140850996,-1.2133143108227202,-1.1636705488024373,-1.271493159845888,-1.6703220950036068,-1.208722938374639,-1.3426376327180891
1,-0.583149568,-0.6574307319808,-0.5267662839808,-0.43179022745600004,-0.45295427993600007,-0.5125219319808001,-0.6324516225110872
2,-0.22027651244661584,-0.14689126505876451,-0.3313981357468474,-0.16726826269618963,-0.1471026959055914,-0.17444490376835692,-0.06176769120556273
3,0.0,0.0,0.0,0.0,0.0,-0.2,-0.16
4,0.0,0.0,0.0,0.0,0.0,0.0,0.0
5,0.0,0.0,0.0,0.0,0.0,0.0,0.0
6,0.0,0.0,0.0,0.0,0.0,0.0,0.0
7,0.0,0.0,0.0,0.0,0.0,0.0,0.0
8,-0.5011755118092462,-0.5353957601105336,-0.459317387868892,-0.4678744916215705,-0.40535987332551054,-0.41245153282494823,-0.4421422364584718
