,FORWARD_AND_TURN_VERYHARD_LEFT,FORWARD_AND_TURN_HARD_LEFT,FORWARD_AND_TURN_LITTLE_LEFT,FORWARD,FORWARD_AND_TURN_LITTLE_RIGHT,FORWARD_AND_TURN_HARD_RIGHT,FORWARD_AND_TURN_VERYHARD_RIGHT
0,0.0,-0.16,-0.36000000000000004,-0.2,-0.4304,-0.2,0.0
1,-0.2,-0.2,-0.2,-0.2,-0.32000000000000006,-0.2624,-0.44192
2,-0.40385623339670446,-0.46493300247809116,-0.2885401326372272,-0.3330171427382159,-0.47070529182510934,-0.29287206776739505,-0.43121653111854485
3,0.0,0.0,0.0,0.0,0.0,0.0,0.0
4,0.0,0.0,0.0,0.0,0.0,0.0,0.0
5,0.0,0.0,0.0,0.0,0.0,0.0,0.0
6,0.0,0.0,0.0,0.0,0.0,0.0,0.0
7,0.0,0.0,0.0,0.0,0.0,0.0,0.0
8,-0.6446059228213669,-0.37821479782278017,-0.4385435025398156,-0.36922083428634245,-0.5081571169554199,-0.5364272748392978,-0.37337924114333493
