,FORWARD_AND_TURN_VERYHARD_LEFT,FORWARD_AND_TURN_HARD_LEFT,FORWARD_AND_TURN_LITTLE_LEFT,FORWARD,FORWARD_AND_TURN_LITTLE_RIGHT,FORWARD_AND_TURN_HARD_RIGHT,FORWARD_AND_TURN_VERYHARD_RIGHT
0,0.0,-0.16,-0.2,0.0,-0.36000000000000004,-0.2,0.0
1,0.0,0.0,-0.2,0.0,-0.2,-0.28800000000000003,-0.44192
2,-0.23170199307654174,-0.34652058409217823,-0.3192475699396969,-0.23679964985007848,-0.2646557181706947,-0.39852289730089996,-0.3058649835082781
3,0.0,0.0,0.0,0.0,0.0,0.0,0.0
4,0.0,0.0,0.0,0.0,0.0,0.0,0.0
5,0.0,0.0,0.0,0.0,0.0,0.0,0.0
6,0.0,0.0,0.0,0.0,0.0,0.0,0.0
7,0.0,0.0,0.0,0.0,0.0,0.0,0.0
8,-0.29033904115978076,-0.22011720945146188,-0.20389552297940203,-0.3038756808873051,-0.20220735755709066,-0.11817013745921816,-0.47247186956329623
