,FORWARD_AND_TURN_VERYHARD_LEFT,FORWARD_AND_TURN_HARD_LEFT,FORWARD_AND_TURN_LITTLE_LEFT,FORWARD,FORWARD_AND_TURN_LITTLE_RIGHT,FORWARD_AND_TURN_HARD_RIGHT,FORWARD_AND_TURN_VERYHARD_RIGHT
0,0.0,-0.2,-0.2,0.0,-0.2,-0.2,0.0
1,0.0,0.0,-0.2,0.0,0.0,-0.28800000000000003,-0.3024
2,-0.3642326155264,-0.23470345423855002,-0.19831736450148205,-0.13790765743775132,-0.1447134625792,-0.25655181311088204,-0.1196571446265079
3,0.0,0.0,0.0,0.0,0.0,0.0,0.0
4,0.0,0.0,0.0,0.0,0.0,0.0,0.0
5,0.0,0.0,0.0,0.0,0.0,0.0,0.0
6,0.0,0.0,0.0,0.0,0.0,0.0,0.0
7,0.0,0.0,0.0,0.0,0.0,0.0,0.0
8,-0.14915776057763322,-0.10706154678441454,-0.12194931378068893,-0.2520427928673023,-0.21103873863799927,-0.3007028456268851,-0.0778562737639504
