,FORWARD_AND_TURN_VERYHARD_LEFT,FORWARD_AND_TURN_HARD_LEFT,FORWARD_AND_TURN_LITTLE_LEFT,FORWARD,FORWARD_AND_TURN_LITTLE_RIGHT,FORWARD_AND_TURN_HARD_RIGHT,FORWARD_AND_TURN_VERYHARD_RIGHT
0,0.0,-0.16,-0.2,-0.2,-0.4304,-0.2,0.0
1,-0.2,-0.2,-0.2,-0.2,-0.32000000000000006,-0.28800000000000003,-0.44192
2,-0.5391732539837613,-0.52889833789612,-0.30840725059504004,-0.23681655227051387,-0.3027905745857973,-0.318726774255141,-0.2880557197971093
3,0.0,0.0,0.0,0.0,0.0,0.0,0.0
4,0.0,0.0,0.0,0.0,0.0,0.0,0.0
5,0.0,0.0,0.0,0.0,0.0,0.0,0.0
6,0.0,0.0,0.0,0.0,0.0,0.0,0.0
7,0.0,0.0,0.0,0.0,0.0,0.0,0.0
8,-0.2646397634068476,-0.3448392544678588,-0.4066155796805394,-0.3402562212461602,-0.3032666473041568,-0.3608015423144998,-0.2918337090490572
