,FORWARD_AND_TURN_VERYHARD_LEFT,FORWARD_AND_TURN_HARD_LEFT,FORWARD_AND_TURN_LITTLE_LEFT,FORWARD,FORWARD_AND_TURN_LITTLE_RIGHT,FORWARD_AND_TURN_HARD_RIGHT,FORWARD_AND_TURN_VERYHARD_RIGHT
0,-0.746189312,-0.68110804992,-0.666874368,-0.64885399552,-0.66146650112,-1.0507530608069156,-0.57632
1,-0.583149568,-0.3461632,-0.39200000000000007,-0.487038976,-0.27447296000000004,-0.43224320000000005,-0.5874153479691305
2,-0.5960824377177077,-0.6263469025985804,-0.5942515993500659,-0.5458123532360419,-0.5406920107301174,-0.65828340139358,-0.5227933727352829
3,0.0,0.0,0.0,0.0,0.0,0.0,-0.2
4,0.0,0.0,0.0,0.0,0.0,0.0,0.0
5,0.0,0.0,0.0,0.0,0.0,0.0,0.0
6,0.0,0.0,0.0,0.0,0.0,0.0,0.0
7,0.0,0.0,0.0,0.0,0.0,0.0,0.0
8,-0.6031916388711633,-0.5047616083365434,-0.5550644778344622,-0.5314309736899201,-0.521130017440179,-0.4864543633886871,-0.3595578081679684
