,FORWARD_AND_TURN_VERYHARD_LEFT,FORWARD_AND_TURN_HARD_LEFT,FORWARD_AND_TURN_LITTLE_LEFT,FORWARD,FORWARD_AND_TURN_LITTLE_RIGHT,FORWARD_AND_TURN_HARD_RIGHT,FORWARD_AND_TURN_VERYHARD_RIGHT
0,0.0,-0.16,-0.2,-0.2,-0.4304,-0.2,0.0
1,-0.2,-0.2,-0.2,-0.2,-0.32000000000000006,-0.28800000000000003,-0.44192
2,-0.4692292515502912,-0.52889833789612,-0.30840725059504004,-0.1779552009779469,-0.47070529182510934,-0.29287206776739505,-0.2613395760074699
3,0.0,0.0,0.0,0.0,0.0,0.0,0.0
4,0.0,0.0,0.0,0.0,0.0,0.0,0.0
5,0.0,0.0,0.0,0.0,0.0,0.0,0.0
6,0.0,0.0,0.0,0.0,0.0,0.0,0.0
7,0.0,0.0,0.0,0.0,0.0,0.0,0.0
8,-0.38390840986685393,-0.4280852864670407,-0.34732617361820284,-0.38896270264603156,-0.3676113205140267,-0.3342341426497472,-0.46377862097803824
