,FORWARD_AND_TURN_VERYHARD_LEFT,FORWARD_AND_TURN_HARD_LEFT,FORWARD_AND_TURN_LITTLE_LEFT,FORWARD,FORWARD_AND_TURN_LITTLE_RIGHT,FORWARD_AND_TURN_HARD_RIGHT,FORWARD_AND_TURN_VERYHARD_RIGHT
0,-2.2302148509037147,-2.251683619639466,-2.1838929321068874,-2.399615392994191,-1.9760545355439159,-2.1753193716872503,-2.1831586638495852
1,-0.5257034853051794,-0.740137030554747,-0.6382513124813571,-0.4738458312469231,-0.6504090824683477,-0.7824264248407622,-0.7710681341675909
2,-0.6001308331575669,-0.6053882678522626,-0.578911886087261,-0.432927200496773,-0.48143314279863314,-0.43012437910083706,-0.5907976279556504
3,0.0,0.0,-0.2,0.0,-0.2,-0.24192,-0.028511710897766395
4,0.0,0.0,0.0,0.0,0.0,0.0,0.0
5,0.0,0.0,0.0,0.0,0.0,0.0,0.0
6,0.0,0.0,0.0,0.0,0.0,0.0,0.0
7,0.0,0.0,0.0,0.0,0.0,0.0,0.0
8,-0.5847368215233639,-0.46352680111993744,-0.4540808763120487,-0.5293842942253942,-0.5073160346224632,-0.46685553213203396,-0.4573763744140359
