,FORWARD_AND_TURN_VERYHARD_LEFT,FORWARD_AND_TURN_HARD_LEFT,FORWARD_AND_TURN_LITTLE_LEFT,FORWARD,FORWARD_AND_TURN_LITTLE_RIGHT,FORWARD_AND_TURN_HARD_RIGHT,FORWARD_AND_TURN_VERYHARD_RIGHT
0,-2.429762618636158,-2.3621307483692173,-2.296537214822612,-2.497071205078912,-2.3246065855589824,-2.3967743329469697,-2.7061382055153445
1,-0.6288800196745268,-0.6619810353361439,-0.6942493795942919,-0.4366963180771643,-0.5931099856542056,-0.7824264248407622,-0.757160642247434
2,-0.4895597116105974,-0.36051546217225083,-0.41980073938603824,-0.368933153405675,-0.3339466945914239,-0.4924377669849683,-0.13150588637067967
3,0.0,0.0,-0.2,0.0,-0.128,-0.24192,-0.21167839678372513
4,0.0,0.0,0.0,0.0,0.0,0.0,0.0
5,0.0,0.0,0.0,0.0,0.0,0.0,0.0
6,0.0,0.0,0.0,0.0,0.0,0.0,0.0
7,0.0,0.0,0.0,0.0,0.0,0.0,0.0
8,-0.45320441081369917,-0.44771199117191873,-0.4145199918144076,-0.42141816978330077,-0.26792038179208205,-0.18817766446325532,-0.3199717819338074
