,FORWARD_AND_TURN_VERYHARD_LEFT,FORWARD_AND_TURN_HARD_LEFT,FORWARD_AND_TURN_LITTLE_LEFT,FORWARD,FORWARD_AND_TURN_LITTLE_RIGHT,FORWARD_AND_TURN_HARD_RIGHT,FORWARD_AND_TURN_VERYHARD_RIGHT
0,-1.2243622140850996,-1.0555357404403336,-1.1636705488024373,-1.271493159845888,-1.5080236329386467,-1.0507530608069156,-1.4222864631429255
1,-0.583149568,-0.6574307319808,-0.5267662839808,-0.43179022745600004,-0.26349404160000006,-0.5125219319808001,-0.4010542106651739
2,-0.25160723007752556,-0.26800613304005755,-0.3313981357468474,-0.2664203513653063,-0.25535093470707204,-0.2298932676403197,-0.11869205240372115
3,0.0,0.0,0.0,0.0,0.0,-0.2,-0.16
4,0.0,0.0,0.0,0.0,0.0,0.0,0.0
5,0.0,0.0,0.0,0.0,0.0,0.0,0.0
6,0.0,0.0,0.0,0.0,0.0,0.0,0.0
7,0.0,0.0,0.0,0.0,0.0,0.0,0.0
8,-0.3895845804050285,-0.4952257696226017,-0.3900491248931513,-0.45378314332071445,-0.4089494321616725,-0.44901981064657065,-0.30467007473175356
