,FORWARD_AND_TURN_VERYHARD_LEFT,FORWARD_AND_TURN_HARD_LEFT,FORWARD_AND_TURN_LITTLE_LEFT,FORWARD,FORWARD_AND_TURN_LITTLE_RIGHT,FORWARD_AND_TURN_HARD_RIGHT,FORWARD_AND_TURN_VERYHARD_RIGHT
0,-0.2,-0.16,-0.36000000000000004,-0.2,-0.3803648,-0.36000000000000004,0.0
1,-0.39200000000000007,-0.2,-0.2,-0.39200000000000007,-0.32000000000000006,-0.2624,-0.44192
2,-0.36925140793931993,-0.4093187592809394,-0.39183089697054513,-0.26797475189063014,-0.47070529182510934,-0.40665418691760025,-0.3855248278662622
3,0.0,0.0,0.0,0.0,0.0,0.0,0.0
4,0.0,0.0,0.0,0.0,0.0,0.0,0.0
5,0.0,0.0,0.0,0.0,0.0,0.0,0.0
6,0.0,0.0,0.0,0.0,0.0,0.0,0.0
7,0.0,0.0,0.0,0.0,0.0,0.0,0.0
8,-0.4758494127767201,-0.3473804918706228,-0.381866317965562,-0.36922083428634245,-0.41223450436795506,-0.4818984397515478,-0.15813906785928808
