,FORWARD_AND_TURN_VERYHARD_LEFT,FORWARD_AND_TURN_HARD_LEFT,FORWARD_AND_TURN_LITTLE_LEFT,FORWARD,FORWARD_AND_TURN_LITTLE_RIGHT,FORWARD_AND_TURN_HARD_RIGHT,FORWARD_AND_TURN_VERYHARD_RIGHT
0,-1.917695671702506,-1.9756051493783136,-1.9632761825603608,-2.4838130186172727,-2.0074401126934087,-1.952019070312791,-2.3385445157494233
1,-0.624380026159104,-0.740137030554747,-0.45651178383474694,-0.41451861835776005,-0.71824218683605,-0.7824264248407622,-0.865117286199713
2,-0.18388040566849112,-0.25053540426423715,-0.19529945977066976,-0.12468827160298715,-0.17781857189639372,-0.24249702278776025,-0.07587467183481038
3,0.0,0.0,0.0,0.0,0.0,-0.128,-0.069608669184
4,0.0,0.0,0.0,0.0,0.0,0.0,0.0
5,0.0,0.0,0.0,0.0,0.0,0.0,0.0
6,0.0,0.0,0.0,0.0,0.0,0.0,0.0
7,0.0,0.0,0.0,0.0,0.0,0.0,0.0
8,-0.5088297574923423,-0.44207390020725784,-0.49458496877832714,-0.4331580083350792,-0.43234408012855463,-0.5314828880565327,-0.3998233511652768
