,FORWARD_AND_TURN_VERYHARD_LEFT,FORWARD_AND_TURN_HARD_LEFT,FORWARD_AND_TURN_LITTLE_LEFT,FORWARD,FORWARD_AND_TURN_LITTLE_RIGHT,FORWARD_AND_TURN_HARD_RIGHT,FORWARD_AND_TURN_VERYHARD_RIGHT
0,-2.518528539118973,-2.5587630201673233,-2.5084886971805194,-2.900014823797445,-2.5393703695518175,-2.5125125362341705,-2.5710065257637083
1,-0.6288800196745268,-0.5466415457856616,-0.6942493795942919,-0.40245932673991464,-0.7443593994157107,-0.6958125507649561,-0.5117874107257557
2,-0.4769662523123619,-0.46284906592887476,-0.4029351556349766,-0.4166189143061006,-0.4951394611400162,-0.38893475975516556,-0.27170179240971754
3,0.0,0.0,-0.16,0.0,-0.128,-0.24192,-0.13547417394158406
4,0.0,0.0,0.0,0.0,0.0,0.0,0.0
5,0.0,0.0,0.0,0.0,0.0,0.0,0.0
6,0.0,0.0,0.0,0.0,0.0,0.0,0.0
7,0.0,0.0,0.0,0.0,0.0,0.0,0.0
8,-0.4816637553954632,-0.41923804468305637,-0.4307178727335484,-0.4062152945788389,-0.36208963061982824,-0.43132214031673954,-0.47119928162535873
