,FORWARD_AND_TURN_VERYHARD_LEFT,FORWARD_AND_TURN_HARD_LEFT,FORWARD_AND_TURN_LITTLE_LEFT,FORWARD,FORWARD_AND_TURN_LITTLE_RIGHT,FORWARD_AND_TURN_HARD_RIGHT,FORWARD_AND_TURN_VERYHARD_RIGHT
0,-2.4188058073093224,-2.459505566580261,-2.4046757262297076,-2.780160634367043,-2.3246065855589824,-2.3967743329469697,-2.802864904290737
1,-0.6288800196745268,-0.6619810353361439,-0.6942493795942919,-0.4366963180771643,-0.7443593994157107,-0.7824264248407622,-0.5471850935163527
2,-0.42158988215556004,-0.5276110266940777,-0.5317289941949574,-0.46588352506369896,-0.41580445032244406,-0.5449762807992322,-0.4169668834233976
3,0.0,0.0,-0.16,0.0,-0.128,-0.24192,-0.1693427174269801
4,0.0,0.0,0.0,0.0,0.0,0.0,0.0
5,0.0,0.0,0.0,0.0,0.0,0.0,0.0
6,0.0,0.0,0.0,0.0,0.0,0.0,0.0
7,0.0,0.0,0.0,0.0,0.0,0.0,0.0
8,-0.3620713973089693,-0.37848168563135637,-0.5296586348410617,-0.45783118364720216,-0.38865030200599543,-0.48992691823751766,-0.3271294473509729
