,FORWARD_AND_TURN_VERYHARD_LEFT,FORWARD_AND_TURN_HARD_LEFT,FORWARD_AND_TURN_LITTLE_LEFT,FORWARD,FORWARD_AND_TURN_LITTLE_RIGHT,FORWARD_AND_TURN_HARD_RIGHT,FORWARD_AND_TURN_VERYHARD_RIGHT
0,-2.4188058073093224,-2.459505566580261,-2.4046757262297076,-2.907987111245792,-2.431622322136623,-2.3967743329469697,-2.8379398987474125
1,-0.6288800196745268,-0.5994562391612615,-0.6942493795942919,-0.4366963180771643,-0.7443593994157107,-0.6958125507649561,-0.7235647190974013
2,-0.42015564940881145,-0.513451358389128,-0.3965633346705786,-0.4507674849112105,-0.34366920310711796,-0.3995148483169606,-0.2994404030739065
3,0.0,0.0,-0.16,0.0,-0.128,-0.24192,-0.1693427174269801
4,0.0,0.0,0.0,0.0,0.0,0.0,0.0
5,0.0,0.0,0.0,0.0,0.0,0.0,0.0
6,0.0,0.0,0.0,0.0,0.0,0.0,0.0
7,0.0,0.0,0.0,0.0,0.0,0.0,0.0
8,-0.7067491742410325,-0.5980558752536336,-0.6596663995202233,-0.4990502495456751,-0.09869776731546022,-0.6006189904215917,-0.3295896476475513
