,FORWARD_AND_TURN_VERYHARD_LEFT,FORWARD_AND_TURN_HARD_LEFT,FORWARD_AND_TURN_LITTLE_LEFT,FORWARD,FORWARD_AND_TURN_LITTLE_RIGHT,FORWARD_AND_TURN_HARD_RIGHT,FORWARD_AND_TURN_VERYHARD_RIGHT
0,0.0,-0.16,-0.2,0.0,-0.36000000000000004,-0.2,0.0
1,0.0,0.0,-0.2,0.0,-0.2,-0.28800000000000003,-0.44192
2,-0.27784043541668224,-0.34652058409217823,-0.16247628796652422,-0.23679964985007848,-0.2646557181706947,-0.2243865936289469,-0.3058649835082781
3,0.0,0.0,0.0,0.0,0.0,0.0,0.0
4,0.0,0.0,0.0,0.0,0.0,0.0,0.0
5,0.0,0.0,0.0,0.0,0.0,0.0,0.0
6,0.0,0.0,0.0,0.0,0.0,0.0,0.0
7,0.0,0.0,0.0,0.0,0.0,0.0,0.0
8,-0.14915776057763322,-0.0716935182198482,-0.27290200607066345,-0.6280447897018469,-0.11048195554491956,-0.18145275037849984,-0.18353550290854398
