,FORWARD_AND_TURN_VERYHARD_LEFT,FORWARD_AND_TURN_HARD_LEFT,FORWARD_AND_TURN_LITTLE_LEFT,FORWARD,FORWARD_AND_TURN_LITTLE_RIGHT,FORWARD_AND_TURN_HARD_RIGHT,FORWARD_AND_TURN_VERYHARD_RIGHT
0,-1.917695671702506,-1.9756051493783136,-2.0775452047226577,-2.4358293523136996,-1.8827501173889674,-1.952019070312791,-2.2285127535923466
1,-0.624380026159104,-0.740137030554747,-0.45651178383474694,-0.41451861835776005,-0.71824218683605,-0.7824264248407622,-0.871096970918665
2,-0.24811977126818305,-0.25053540426423715,-0.2230886252673626,-0.18141596475555996,-0.23612176927666445,-0.2859693434815332,-0.1343691479208673
3,0.0,0.0,0.0,0.0,0.0,-0.128,-0.069608669184
4,0.0,0.0,0.0,0.0,0.0,0.0,0.0
5,0.0,0.0,0.0,0.0,0.0,0.0,0.0
6,0.0,0.0,0.0,0.0,0.0,0.0,0.0
7,0.0,0.0,0.0,0.0,0.0,0.0,0.0
8,-0.43786318518118433,-0.5897021434620051,-0.5060859909830615,-0.33667373694413133,-0.15336897887657627,-0.4702263097792867,-0.4068002742308702
