,FORWARD_AND_TURN_VERYHARD_LEFT,FORWARD_AND_TURN_HARD_LEFT,FORWARD_AND_TURN_LITTLE_LEFT,FORWARD,FORWARD_AND_TURN_LITTLE_RIGHT,FORWARD_AND_TURN_HARD_RIGHT,FORWARD_AND_TURN_VERYHARD_RIGHT
0,-0.38432,-0.3179648,-0.666874368,-0.38048000000000004,-0.52477184,-0.50848,-0.39200000000000007
1,-0.39200000000000007,-0.38432,-0.2,-0.5456000000000001,-0.32000000000000006,-0.2624,-0.7645305018777601
2,-0.25874980368876327,-0.2984286656060547,-0.39183089697054513,-0.29823330508219625,-0.40974332614874726,-0.33141663414189426,-0.37550275856174536
3,0.0,0.0,0.0,0.0,0.0,0.0,0.0
4,0.0,0.0,0.0,0.0,0.0,0.0,0.0
5,0.0,0.0,0.0,0.0,0.0,0.0,0.0
6,0.0,0.0,0.0,0.0,0.0,0.0,0.0
7,0.0,0.0,0.0,0.0,0.0,0.0,0.0
8,-0.3413730257695677,-0.39794850503818946,-0.26901258765752634,-0.4155078051655693,-0.35048602173188514,-0.1784062288103464,-0.27793490553850625
