,FORWARD_AND_TURN_VERYHARD_LEFT,FORWARD_AND_TURN_HARD_LEFT,FORWARD_AND_TURN_LITTLE_LEFT,FORWARD,FORWARD_AND_TURN_LITTLE_RIGHT,FORWARD_AND_TURN_HARD_RIGHT,FORWARD_AND_TURN_VERYHARD_RIGHT
0,0.0,0.0,-0.2,0.0,-0.2,0.0,0.0
1,0.0,0.0,-0.2,0.0,0.0,-0.2,-0.16
2,-0.37624258560000007,-0.08192,-0.05242880000000001,-0.147456,0.0,-0.08192,-0.2
3,0.0,0.0,0.0,0.0,0.0,0.0,0.0
4,0.0,0.0,0.0,0.0,0.0,0.0,0.0
5,0.0,0.0,0.0,0.0,0.0,0.0,0.0
6,0.0,0.0,0.0,0.0,0.0,0.0,0.0
7,0.0,0.0,0.0,0.0,0.0,0.0,0.0
8,-0.2,-0.013743895347200002,-0.19348350566400002,-0.16,-0.04194304000000001,-0.028174985461759998,-0.2929213360837483
