,FORWARD_AND_TURN_VERYHARD_LEFT,FORWARD_AND_TURN_HARD_LEFT,FORWARD_AND_TURN_LITTLE_LEFT,FORWARD,FORWARD_AND_TURN_LITTLE_RIGHT,FORWARD_AND_TURN_HARD_RIGHT,FORWARD_AND_TURN_VERYHARD_RIGHT
0,-1.917695671702506,-1.8495886972690765,-2.0775452047226577,-2.3601518687236873,-1.8827501173889674,-1.8250198649091574,-2.2490768350243124
1,-0.624380026159104,-0.5922675645218817,-0.45651178383474694,-0.41451861835776005,-0.71824218683605,-0.8951293073794008,-0.773484523274543
2,-0.21544047246134562,-0.33114360668143217,-0.2511927530531183,-0.2843123494044752,-0.42812867755763684,-0.41858287053348775,-0.06116074906936561
3,0.0,0.0,0.0,0.0,0.0,-0.128,-0.069608669184
4,0.0,0.0,0.0,0.0,0.0,0.0,0.0
5,0.0,0.0,0.0,0.0,0.0,0.0,0.0
6,0.0,0.0,0.0,0.0,0.0,0.0,0.0
7,0.0,0.0,0.0,0.0,0.0,0.0,0.0
8,-0.3017305718574388,-0.36663978529110214,-0.4363817965057798,-0.40846294235098557,-0.3510926477442662,-0.30285394964433127,-0.24726020716324457
