,FORWARD_AND_TURN_VERYHARD_LEFT,FORWARD_AND_TURN_HARD_LEFT,FORWARD_AND_TURN_LITTLE_LEFT,FORWARD,FORWARD_AND_TURN_LITTLE_RIGHT,FORWARD_AND_TURN_HARD_RIGHT,FORWARD_AND_TURN_VERYHARD_RIGHT
0,-0.2,-0.128,-0.36000000000000004,-0.38048000000000004,-0.52477184,-0.50848,-0.2
1,-0.39200000000000007,-0.2,-0.2,-0.39200000000000007,-0.32000000000000006,-0.2624,-0.385536
2,-0.36925140793931993,-0.4093187592809394,-0.39183089697054513,-0.4469655313424048,-0.4305232718107579,-0.40665418691760025,-0.33724398969169017
3,0.0,0.0,0.0,0.0,0.0,0.0,0.0
4,0.0,0.0,0.0,0.0,0.0,0.0,0.0
5,0.0,0.0,0.0,0.0,0.0,0.0,0.0
6,0.0,0.0,0.0,0.0,0.0,0.0,0.0
7,0.0,0.0,0.0,0.0,0.0,0.0,0.0
8,-0.4758494127767201,-0.3473804918706228,-0.381866317965562,-0.36922083428634245,-0.41223450436795506,-0.348462336082519,-0.10513601333812936
