,FORWARD_AND_TURN_VERYHARD_LEFT,FORWARD_AND_TURN_HARD_LEFT,FORWARD_AND_TURN_LITTLE_LEFT,FORWARD,FORWARD_AND_TURN_LITTLE_RIGHT,FORWARD_AND_TURN_HARD_RIGHT,FORWARD_AND_TURN_VERYHARD_RIGHT
0,-2.429762618636158,-2.3621307483692173,-2.296537214822612,-2.565102918434748,-2.3246065855589824,-2.3967743329469697,-2.783534666284101
1,-0.6288800196745268,-0.6619810353361439,-0.6942493795942919,-0.4366963180771643,-0.7443593994157107,-0.7824264248407622,-0.9181524914080111
2,-0.39952616160903576,-0.27327906900673615,-0.3537116430622206,-0.4716679934775361,-0.3603519759025613,-0.41334154556864955,-0.23691679646793518
3,0.0,0.0,-0.2,0.0,-0.128,-0.24192,-0.21167839678372513
4,0.0,0.0,0.0,0.0,0.0,0.0,0.0
5,0.0,0.0,0.0,0.0,0.0,0.0,0.0
6,0.0,0.0,0.0,0.0,0.0,0.0,0.0
7,0.0,0.0,0.0,0.0,0.0,0.0,0.0
8,-0.5712908683288752,-0.5723802985056159,-0.5489598374418563,-0.5840083063780143,-0.5621348141043985,-0.5946462380672325,-0.6865299981383215
