,FORWARD_AND_TURN_VERYHARD_LEFT,FORWARD_AND_TURN_HARD_LEFT,FORWARD_AND_TURN_LITTLE_LEFT,FORWARD,FORWARD_AND_TURN_LITTLE_RIGHT,FORWARD_AND_TURN_HARD_RIGHT,FORWARD_AND_TURN_VERYHARD_RIGHT
0,-2.2349061030872166,-2.229534473778425,-2.1838929321068874,-2.5748033191653668,-2.213131859957273,-2.2883065968197602,-2.2766790216173898
1,-0.6288800196745268,-0.740137030554747,-0.780472460877432,-0.4366963180771643,-0.5931099856542056,-0.7824264248407622,-0.8063714731999156
2,-0.4895597116105974,-0.47279271708759707,-0.5447505983823127,-0.4106264158896519,-0.5056128730818353,-0.5805465226681582,-0.274197188950965
3,0.0,0.0,-0.2,0.0,-0.2,-0.24192,-0.022809368718213117
4,0.0,0.0,0.0,0.0,0.0,0.0,0.0
5,0.0,0.0,0.0,0.0,0.0,0.0,0.0
6,0.0,0.0,0.0,0.0,0.0,0.0,0.0
7,0.0,0.0,0.0,0.0,0.0,0.0,0.0
8,-0.5184546954217896,-0.5037274433933645,-0.49613277752059864,-0.5139073999362864,-0.4676811507766685,-0.19425996139283683,-0.4545102944751299
